{
  "train_loss": [
    1.0560875311493874,
    1.0599700659513474,
    1.0086408481001854,
    0.965436726808548,
    0.957091748714447,
    0.9035316035151482,
    0.8133692890405655,
    0.8201854601502419,
    0.758126724511385,
    0.7963280975818634,
    0.6652713976800442,
    0.6714021451771259,
    0.6162796355783939,
    0.6256647408008575,
    0.6444470025599003,
    0.5851841643452644,
    0.5588680393993855,
    0.5374064929783344,
    0.4975685551762581,
    0.5996220111846924,
    0.5146940238773823,
    0.4782279971987009,
    0.5260036531835794,
    0.5590970665216446,
    0.5124687254428864,
    0.5027025640010834,
    0.4862376395612955,
    0.46278494969010353,
    0.49491674453020096,
    0.4944291152060032
  ],
  "train_accuracy": [
    0.7458333333333333,
    0.6208333333333333,
    0.6291666666666667,
    0.6208333333333333,
    0.7041666666666667,
    0.675,
    0.7625,
    0.7416666666666667,
    0.775,
    0.7208333333333333,
    0.8333333333333334,
    0.7791666666666667,
    0.8166666666666667,
    0.8083333333333333,
    0.7916666666666666,
    0.8458333333333333,
    0.85,
    0.8625,
    0.875,
    0.8375,
    0.8458333333333333,
    0.875,
    0.8666666666666667,
    0.8666666666666667,
    0.8666666666666667,
    0.8708333333333333,
    0.875,
    0.8708333333333333,
    0.8583333333333333,
    0.8666666666666667
  ],
  "train_precision": [
    0.42857142857142855,
    0.23333333333333334,
    0.34375,
    0.373015873015873,
    0.4189189189189189,
    0.42016806722689076,
    0.5131578947368421,
    0.48484848484848486,
    0.5268817204301075,
    0.46226415094339623,
    0.6233766233766234,
    0.5294117647058824,
    0.5925925925925926,
    0.5822784810126582,
    0.550561797752809,
    0.6341463414634146,
    0.632183908045977,
    0.6710526315789473,
    0.6883116883116883,
    0.6086956521739131,
    0.625,
    0.6790123456790124,
    0.6956521739130435,
    0.68,
    0.6708860759493671,
    0.6794871794871795,
    0.6790123456790124,
    0.6707317073170732,
    0.6582278481012658,
    0.6753246753246753
  ],
  "train_recall": [
    0.1016949152542373,
    0.23728813559322035,
    0.559322033898305,
    0.7966101694915254,
    0.5254237288135594,
    0.847457627118644,
    0.6610169491525424,
    0.8135593220338984,
    0.8305084745762712,
    0.8305084745762712,
    0.8135593220338984,
    0.9152542372881356,
    0.8135593220338984,
    0.7796610169491526,
    0.8305084745762712,
    0.8813559322033898,
    0.9322033898305084,
    0.864406779661017,
    0.8983050847457628,
    0.9491525423728814,
    0.9322033898305084,
    0.9322033898305084,
    0.8135593220338984,
    0.864406779661017,
    0.8983050847457628,
    0.8983050847457628,
    0.9322033898305084,
    0.9322033898305084,
    0.8813559322033898,
    0.8813559322033898
  ],
  "train_f1": [
    0.1643835616438356,
    0.23529411764705882,
    0.4258064516129032,
    0.5081081081081081,
    0.46616541353383456,
    0.5617977528089888,
    0.5777777777777777,
    0.6075949367088608,
    0.6447368421052632,
    0.593939393939394,
    0.7058823529411765,
    0.6708074534161491,
    0.6857142857142857,
    0.6666666666666666,
    0.6621621621621622,
    0.7375886524822695,
    0.7534246575342466,
    0.7555555555555555,
    0.7794117647058824,
    0.7417218543046358,
    0.7482993197278912,
    0.7857142857142857,
    0.75,
    0.7611940298507462,
    0.7681159420289855,
    0.7737226277372263,
    0.7857142857142857,
    0.7801418439716312,
    0.7536231884057971,
    0.7647058823529411
  ],
  "train_roc_auc": [
    0.5051034741080626,
    0.44414270999157224,
    0.6507163592096638,
    0.7526921996441615,
    0.7501638730218185,
    0.7628055061335332,
    0.826856447232887,
    0.8118737709523364,
    0.8255454630583389,
    0.8062552673471298,
    0.8688079408184287,
    0.8512969379155352,
    0.9023316789961606,
    0.8820114242906639,
    0.8740518775166215,
    0.9019571120891469,
    0.8983050847457628,
    0.920872740893342,
    0.9243374847832194,
    0.8957767581234197,
    0.9133814027530669,
    0.9232137840621781,
    0.9226519337016574,
    0.9231201423354247,
    0.9240565596029591,
    0.9229328588819178,
    0.9253675437775072,
    0.9317351811967414,
    0.9339825826388239,
    0.9285513624871242
  ],
  "train_pr_auc": [
    0.2904365240363363,
    0.252025976435028,
    0.3623552011412413,
    0.49581228732274174,
    0.43920472401993016,
    0.4247184883943616,
    0.5604797492201438,
    0.557839167670723,
    0.47889392908072737,
    0.5140689903458047,
    0.6480143436082288,
    0.5931148094287543,
    0.7550164496871572,
    0.6485046021280826,
    0.653660425072942,
    0.6686628564159656,
    0.6503252383548749,
    0.7863727901058801,
    0.7787984005174944,
    0.6954785653828678,
    0.7492049854245454,
    0.7547502738040177,
    0.7887659371239228,
    0.75220709380727,
    0.8031295632602105,
    0.7657284951126491,
    0.770536698546152,
    0.7811562901716517,
    0.7949712353952355,
    0.7962539535036689
  ],
  "val_loss": [
    1.1726643741130829,
    1.1202934086322784,
    1.0859802961349487,
    1.0307420194149017,
    0.9718084335327148,
    0.8931171298027039,
    0.8201785087585449,
    0.7690061032772064,
    0.7287074029445648,
    0.7771664708852768,
    0.7310122847557068,
    0.7080469727516174,
    0.6993356496095657,
    0.6550243198871613,
    0.6398678421974182,
    0.6332181096076965,
    0.6332009583711624,
    0.6462933421134949,
    0.6239523887634277,
    0.6110671013593674,
    0.6114508211612701,
    0.621308296918869,
    0.6416592299938202,
    0.6353434920310974,
    0.6136585026979446,
    0.6115626394748688,
    0.6073897629976273,
    0.6048446297645569,
    0.6039685308933258,
    0.6039323657751083
  ],
  "val_accuracy": [
    0.7049180327868853,
    0.5737704918032787,
    0.5737704918032787,
    0.7213114754098361,
    0.7704918032786885,
    0.819672131147541,
    0.8524590163934426,
    0.8524590163934426,
    0.819672131147541,
    0.819672131147541,
    0.8524590163934426,
    0.8524590163934426,
    0.8524590163934426,
    0.8524590163934426,
    0.8852459016393442,
    0.8852459016393442,
    0.8852459016393442,
    0.8852459016393442,
    0.8852459016393442,
    0.8852459016393442,
    0.8852459016393442,
    0.8852459016393442,
    0.8852459016393442,
    0.8852459016393442,
    0.8852459016393442,
    0.8852459016393442,
    0.8852459016393442,
    0.8852459016393442,
    0.8852459016393442,
    0.8852459016393442
  ],
  "val_precision": [
    0.0,
    0.3181818181818182,
    0.3333333333333333,
    0.5217391304347826,
    0.6111111111111112,
    0.6666666666666666,
    0.6956521739130435,
    0.6956521739130435,
    0.64,
    0.6666666666666666,
    0.6956521739130435,
    0.6956521739130435,
    0.6956521739130435,
    0.6956521739130435,
    0.7619047619047619,
    0.7619047619047619,
    0.7619047619047619,
    0.7619047619047619,
    0.7619047619047619,
    0.7619047619047619,
    0.7619047619047619,
    0.7619047619047619,
    0.7619047619047619,
    0.7619047619047619,
    0.7619047619047619,
    0.7619047619047619,
    0.7619047619047619,
    0.7619047619047619,
    0.7619047619047619,
    0.7619047619047619
  ],
  "val_recall": [
    0.0,
    0.3888888888888889,
    0.4444444444444444,
    0.6666666666666666,
    0.6111111111111112,
    0.7777777777777778,
    0.8888888888888888,
    0.8888888888888888,
    0.8888888888888888,
    0.7777777777777778,
    0.8888888888888888,
    0.8888888888888888,
    0.8888888888888888,
    0.8888888888888888,
    0.8888888888888888,
    0.8888888888888888,
    0.8888888888888888,
    0.8888888888888888,
    0.8888888888888888,
    0.8888888888888888,
    0.8888888888888888,
    0.8888888888888888,
    0.8888888888888888,
    0.8888888888888888,
    0.8888888888888888,
    0.8888888888888888,
    0.8888888888888888,
    0.8888888888888888,
    0.8888888888888888,
    0.8888888888888888
  ],