{
  "train_loss": [
    0.9586921781301498,
    0.9488390237092972,
    0.9151730984449387,
    0.8678657487034798,
    0.8080568835139275,
    0.7519073337316513,
    0.6676386445760727,
    0.595362339168787,
    0.5030963607132435,
    0.45339469611644745,
    0.3683743178844452,
    0.3250278867781162,
    0.26316809467971325,
    0.26555540692061186,
    0.22261200845241547,
    0.2600203678011894,
    0.18992221727967262,
    0.20319651626050472,
    0.16086653247475624,
    0.12905734265223145,
    0.18284954223781824,
    0.17510218592360616,
    0.15676035871729255,
    0.15511387679725885,
    0.18472135812044144,
    0.14499029843136668,
    0.15323038771748543,
    0.16150068631395698,
    0.12632682779803872,
    0.12950263870880008
  ],
  "train_accuracy": [
    0.3483606557377049,
    0.4139344262295082,
    0.6188524590163934,
    0.6311475409836066,
    0.7213114754098361,
    0.7622950819672131,
    0.7459016393442623,
    0.8155737704918032,
    0.8401639344262295,
    0.8770491803278688,
    0.9016393442622951,
    0.9016393442622951,
    0.930327868852459,
    0.930327868852459,
    0.9426229508196722,
    0.9139344262295082,
    0.9385245901639344,
    0.9426229508196722,
    0.9549180327868853,
    0.9713114754098361,
    0.930327868852459,
    0.9549180327868853,
    0.9549180327868853,
    0.9508196721311475,
    0.9467213114754098,
    0.9672131147540983,
    0.9672131147540983,
    0.9508196721311475,
    0.9631147540983607,
    0.9672131147540983
  ],
  "train_precision": [
    0.32286995515695066,
    0.3259668508287293,
    0.42857142857142855,
    0.45901639344262296,
    0.5483870967741935,
    0.6571428571428571,
    0.575,
    0.6767676767676768,
    0.711340206185567,
    0.75,
    0.8043478260869565,
    0.7916666666666666,
    0.8387096774193549,
    0.8795180722891566,
    0.8837209302325582,
    0.8172043010752689,
    0.8651685393258427,
    0.8928571428571429,
    0.8876404494382022,
    0.9294117647058824,
    0.8705882352941177,
    0.896551724137931,
    0.9156626506024096,
    0.9047619047619048,
    0.8941176470588236,
    0.9285714285714286,
    0.9186046511627907,
    0.8953488372093024,
    0.9176470588235294,
    0.9285714285714286
  ],
  "train_recall": [
    0.9,
    0.7375,
    0.4875,
    0.7,
    0.85,
    0.575,
    0.8625,
    0.8375,
    0.8625,
    0.9375,
    0.925,
    0.95,
    0.975,
    0.9125,
    0.95,
    0.95,
    0.9625,
    0.9375,
    0.9875,
    0.9875,
    0.925,
    0.975,
    0.95,
    0.95,
    0.95,
    0.975,
    0.9875,
    0.9625,
    0.975,
    0.975
  ],
  "train_f1": [
    0.4752475247524752,
    0.4521072796934866,
    0.45614035087719296,
    0.5544554455445545,
    0.6666666666666666,
    0.6133333333333333,
    0.69,
    0.7486033519553073,
    0.7796610169491526,
    0.8333333333333334,
    0.8604651162790697,
    0.8636363636363636,
    0.9017341040462428,
    0.8957055214723927,
    0.9156626506024096,
    0.8786127167630058,
    0.9112426035502958,
    0.9146341463414634,
    0.9349112426035503,
    0.9575757575757575,
    0.896969696969697,
    0.9341317365269461,
    0.9325153374233128,
    0.926829268292683,
    0.9212121212121213,
    0.9512195121951219,
    0.9518072289156626,
    0.927710843373494,
    0.9454545454545454,
    0.9512195121951219
  ],
  "train_roc_auc": [
    0.5566310975609756,
    0.5051829268292682,
    0.6035060975609756,
    0.7110518292682927,
    0.8006097560975609,
    0.829420731707317,
    0.8685213414634148,
    0.8992378048780488,
    0.9355945121951219,
    0.9428353658536586,
    0.9608231707317074,
    0.970655487804878,
    0.9819359756097561,
    0.977439024390244,
    0.9823170731707318,
    0.983079268292683,
    0.9896341463414634,
    0.9865091463414634,
    0.9939786585365854,
    0.9941310975609756,
    0.9898628048780488,
    0.993140243902439,
    0.9903201219512195,
    0.9922256097560976,
    0.9864329268292683,
    0.9938262195121952,
    0.9900914634146342,
    0.9922256097560975,
    0.9952743902439024,
    0.993140243902439
  ],
  "train_pr_auc": [
    0.3754721955795052,
    0.3379457886923498,
    0.4115275884178791,
    0.5291930166418575,
    0.6176128431400989,
    0.6757931495402218,
    0.7406265826303003,
    0.7998135339664387,
    0.8685830285869325,
    0.8704252213008667,
    0.9135258978781802,
    0.921458194532691,
    0.960840846106771,
    0.948061893405235,
    0.9524683513564126,
    0.9685591634113254,
    0.9742068633605718,
    0.9748411460564056,
    0.9873372950722799,
    0.9856934142600191,
    0.9798723922628155,
    0.9868510503919292,
    0.9775725561401485,
    0.9836926520697234,
    0.9682278932524777,
    0.9865193924618969,
    0.9746885936610028,
    0.984566932521734,
    0.9900389828747717,
    0.9839526529333512
  ],
  "val_loss": [
    0.9532323181629181,
    0.9218648672103882,
    0.8767022788524628,
    0.791144609451294,
    0.6878449320793152,
    0.5814789533615112,
    0.49706441164016724,
    0.4285106658935547,
    0.34585361182689667,
    0.2629016265273094,
    0.1955135613679886,
    0.15283981710672379,
    0.11241800710558891,
    0.10577482730150223,
    0.08443037047982216,
    0.07124798744916916,
    0.06721898354589939,
    0.05367957055568695,
    0.04613444209098816,
    0.045369384810328484,
    0.04126628860831261,
    0.039640508592128754,
    0.03951911348849535,
    0.0364958755671978,
    0.03484596684575081,
    0.034181430004537106,
    0.03376566804945469,
    0.03384178318083286,
    0.03391522727906704,
    0.03393106535077095
  ],
  "val_accuracy": [
    0.3548387096774194,
    0.7741935483870968,
    0.8064516129032258,
    0.8387096774193549,
    0.8225806451612904,
    0.9354838709677419,
    0.9354838709677419,
    0.9354838709677419,
    0.9516129032258065,
    0.967741935483871,
    0.967741935483871,
    0.967741935483871,
    0.967741935483871,
    1.0,
    0.9838709677419355,
    0.9838709677419355,
    1.0,
    1.0,
    1.0,
    1.0,
    1.0,
    1.0,
    1.0,
    1.0,
    1.0,
    1.0,
    1.0,
    1.0,
    1.0,
    1.0
  ],
  "val_precision": [
    0.3548387096774194,
    0.6428571428571429,
    1.0,
    0.6875,
    0.8666666666666667,
    0.9090909090909091,
    0.875,
    0.9090909090909091,
    0.9130434782608695,
    0.9166666666666666,
    0.9166666666666666,
    0.9166666666666666,
    0.9166666666666666,
    1.0,
    0.9565217391304348,
    0.9565217391304348,
    1.0,
    1.0,
    1.0,
    1.0,
    1.0,
    1.0,
    1.0,
    1.0,
    1.0,
    1.0,
    1.0,
    1.0,
    1.0,
    1.0
  ],
  "val_recall": [
    1.0,
    0.8181818181818182,
    0.45454545454545453,
    1.0,
    0.5909090909090909,
    0.9090909090909091,
    0.9545454545454546,
    0.9090909090909091,
    0.9545454545454546,
    1.0,
    1.0,
    1.0,
    1.0,
    1.0,
    1.0,
    1.0,
    1.0,
    1.0,
    1.0,
    1.0,
    1.0,
    1.0,
    1.0,
    1.0,
    1.0,
    1.0,
    1.0,
    1.0,
    1.0,
    1.0
  ],
  "val_f1": [
    0.5238095238095238,
    0.72,
    0.625,
    0.8148148148148148,
    0.7027027027027027,
    0.9090909090909091,
    0.9130434782608695,
    0.9090909090909091,
    0.9333333333333333,
    0.9565217391304348,
    0.9565217391304348,
    0.9565217391304348,
    0.9565217391304348,
    1.0,
    0.9777777777777777,
    0.9777777777777777,
    1.0,
    1.0,
    1.0,
    1.0,
    1.0,
    1.0,
    1.0,
    1.0,
    1.0,
    1.0,
    1.0,
    1.0,
    1.0,
    1.0
  ],
  "val_roc_auc": [
    0.5897727272727272,
    0.8352272727272727,
    0.9613636363636364,
    0.9704545454545455,
    0.9727272727272727,
    0.9704545454545455,
    0.975,
    0.9772727272727272,
    0.9863636363636363,
    0.9931818181818182,
    0.9943181818181818,
    0.9977272727272727,
    1.0,
    1.0,
    1.0,
    1.0,
    1.0,
    1.0,
    1.0,
    1.0,
    1.0,
    1.0,
    1.0,
    1.0,
    1.0,
    1.0,
    1.0,
    1.0,
    1.0,
    1.0
  ],