{
  "train_loss": [
    1.177260935306549,
    1.0991211086511612,
    1.0524912029504776,
    1.0221459344029427,
    0.9752818867564201,
    0.9067180156707764,
    0.8728031292557716,
    0.7635116875171661,
    0.7242907509207726,
    0.6942893713712692,
    0.64689876511693,
    0.6459651328623295,
    0.5888302884995937,
    0.6248139142990112,
    0.573430635035038,
    0.5611080080270767,
    0.5400055684149265,
    0.5782474763691425,
    0.6065651215612888,
    0.524623017758131,
    0.4936361610889435,
    0.5390688441693783,
    0.5326289720833302,
    0.5141695626080036,
    0.5466396510601044,
    0.476990457624197,
    0.4912431128323078,
    0.48059748113155365,
    0.5259518995881081,
    0.4868020638823509
  ],
  "train_accuracy": [
    0.7541666666666667,
    0.75,
    0.5208333333333334,
    0.4,
    0.5791666666666667,
    0.7333333333333333,
    0.7625,
    0.7625,
    0.7875,
    0.7791666666666667,
    0.7666666666666667,
    0.7666666666666667,
    0.8208333333333333,
    0.775,
    0.8166666666666667,
    0.8083333333333333,
    0.8333333333333334,
    0.825,
    0.8208333333333333,
    0.8333333333333334,
    0.85,
    0.8541666666666666,
    0.8625,
    0.85,
    0.8416666666666667,
    0.8625,
    0.8791666666666667,
    0.8708333333333333,
    0.85,
    0.8666666666666667
  ],
  "train_precision": [
    0.0,
    0.3333333333333333,
    0.2627118644067797,
    0.27979274611398963,
    0.34558823529411764,
    0.4742268041237113,
    0.5116279069767442,
    0.5106382978723404,
    0.5425531914893617,
    0.5319148936170213,
    0.5151515151515151,
    0.5145631067961165,
    0.5930232558139535,
    0.5252525252525253,
    0.5757575757575758,
    0.5764705882352941,
    0.6067415730337079,
    0.5955056179775281,
    0.6,
    0.6043956043956044,
    0.6352941176470588,
    0.65,
    0.6547619047619048,
    0.6385542168674698,
    0.6265060240963856,
    0.6547619047619048,
    0.6829268292682927,
    0.6707317073170732,
    0.6419753086419753,
    0.6666666666666666
  ],
  "train_recall": [
    0.0,
    0.01694915254237288,
    0.5254237288135594,
    0.9152542372881356,
    0.7966101694915254,
    0.7796610169491526,
    0.7457627118644068,
    0.8135593220338984,
    0.864406779661017,
    0.847457627118644,
    0.864406779661017,
    0.8983050847457628,
    0.864406779661017,
    0.8813559322033898,
    0.9661016949152542,
    0.8305084745762712,
    0.9152542372881356,
    0.8983050847457628,
    0.8135593220338984,
    0.9322033898305084,
    0.9152542372881356,
    0.8813559322033898,
    0.9322033898305084,
    0.8983050847457628,
    0.8813559322033898,
    0.9322033898305084,
    0.9491525423728814,
    0.9322033898305084,
    0.8813559322033898,
    0.9152542372881356
  ],
  "train_f1": [
    0.0,
    0.03225806451612903,
    0.3502824858757062,
    0.42857142857142855,
    0.48205128205128206,
    0.5897435897435898,
    0.6068965517241379,
    0.6274509803921569,
    0.6666666666666666,
    0.6535947712418301,
    0.6455696202531646,
    0.654320987654321,
    0.7034482758620689,
    0.6582278481012658,
    0.7215189873417721,
    0.6805555555555556,
    0.7297297297297297,
    0.7162162162162162,
    0.6906474820143885,
    0.7333333333333333,
    0.75,
    0.7482014388489209,
    0.7692307692307693,
    0.7464788732394366,
    0.7323943661971831,
    0.7692307692307693,
    0.7943262411347518,
    0.7801418439716312,
    0.7428571428571429,
    0.7714285714285715
  ],
  "train_roc_auc": [
    0.44114617473546214,
    0.49021443955426536,
    0.5201797921153666,
    0.6429440958891282,
    0.7266597996067048,
    0.8104691450510347,
    0.8253581796048318,
    0.8599119767768517,
    0.8543871148983987,
    0.8508287292817679,
    0.8622530199456878,
    0.8727408933420733,
    0.8882854199831445,
    0.8819177825639105,
    0.8965258919374474,
    0.9024253207229141,
    0.9121640603052721,
    0.9050472890720105,
    0.9015825451821332,
    0.9162842962824235,
    0.9206854574398352,
    0.922090083341137,
    0.9230265006086712,
    0.9310796891094673,
    0.9287386459406312,
    0.9347317164528515,
    0.9269594531323158,
    0.9383837437962356,
    0.9283640790336174,
    0.9301432718419328
  ],
  "train_pr_auc": [
    0.21856819728713844,
    0.24117012990186418,
    0.2889509087244482,
    0.3600408220542549,
    0.47996993607550276,
    0.5244623105906865,
    0.5572756722869531,
    0.6471860700968268,
    0.5717746268654719,
    0.5776096533606785,
    0.5682411354625764,
    0.6295682622806152,
    0.6415324904545989,
    0.6608893035725834,
    0.7066894167326875,
    0.7195422517135684,
    0.7248675758865937,
    0.6959072492310467,
    0.7136916098365561,
    0.767900187456583,
    0.7526820181093707,
    0.7608727079493427,
    0.7611603106874675,
    0.7573643792775668,
    0.8046467876479254,
    0.8196056453045905,
    0.763676773279137,
    0.8323640476618356,
    0.7874908940545263,
    0.774638606131783
  ],
  "val_loss": [
    1.2432433068752289,
    1.134877324104309,
    1.0736474394798279,
    1.043172001838684,
    1.003842294216156,
    0.922124981880188,
    0.8324241638183594,
    0.7573593854904175,
    0.7158312499523163,
    0.6734544634819031,
    0.6394127607345581,
    0.6354107409715652,
    0.6262224167585373,
    0.6007600426673889,
    0.6157898455858231,
    0.5981258749961853,
    0.5757539719343185,
    0.5995926409959793,
    0.5766473859548569,
    0.5648206472396851,
    0.5719332098960876,
    0.5674055814743042,
    0.5635807663202286,
    0.5589049160480499,
    0.5583936721086502,
    0.5590756684541702,
    0.5604792237281799,
    0.5607362240552902,
    0.560862123966217,
    0.5608016103506088
  ],
  "val_accuracy": [
    0.7049180327868853,
    0.7049180327868853,
    0.29508196721311475,
    0.47540983606557374,
    0.819672131147541,
    0.8524590163934426,
    0.8524590163934426,
    0.8360655737704918,
    0.8524590163934426,
    0.8360655737704918,
    0.8360655737704918,
    0.8524590163934426,
    0.8524590163934426,
    0.8360655737704918,
    0.8524590163934426,
    0.8524590163934426,
    0.8524590163934426,
    0.9016393442622951,
    0.8852459016393442,
    0.8852459016393442,
    0.8852459016393442,
    0.8852459016393442,
    0.8852459016393442,
    0.8852459016393442,
    0.8852459016393442,
    0.8852459016393442,
    0.8852459016393442,
    0.8852459016393442,
    0.8852459016393442,
    0.8852459016393442
  ],
  "val_precision": [
    0.0,
    0.0,
    0.29508196721311475,
    0.3541666666666667,
    0.6666666666666666,
    0.6956521739130435,
    0.6956521739130435,
    0.6818181818181818,
    0.6956521739130435,
    0.6666666666666666,
    0.6666666666666666,
    0.6956521739130435,
    0.6956521739130435,
    0.6666666666666666,
    0.6956521739130435,
    0.6956521739130435,
    0.6956521739130435,
    0.8,
    0.7619047619047619,
    0.7619047619047619,
    0.7619047619047619,
    0.7619047619047619,
    0.7619047619047619,
    0.7619047619047619,
    0.7619047619047619,
    0.7619047619047619,
    0.7619047619047619,
    0.7619047619047619,
    0.7619047619047619,
    0.7619047619047619
  ],
  "val_recall": [
    0.0,
    0.0,
    1.0,
    0.9444444444444444,
    0.7777777777777778,
    0.8888888888888888,
    0.8888888888888888,
    0.8333333333333334,
    0.8888888888888888,
    0.8888888888888888,
    0.8888888888888888,
    0.8888888888888888,
    0.8888888888888888,
    0.8888888888888888,
    0.8888888888888888,
    0.8888888888888888,
    0.8888888888888888,
    0.8888888888888888,
    0.8888888888888888,
    0.8888888888888888,
    0.8888888888888888,
    0.8888888888888888,
    0.8888888888888888,
    0.8888888888888888,
    0.8888888888888888,
    0.8888888888888888,
    0.8888888888888888,
    0.8888888888888888,
    0.8888888888888888,
    0.8888888888888888
  ],