{
  "train_loss": [
    0.6668701496991244,
    0.6508909084580161,
    0.632493257522583,
    0.6251919865608215,
    0.6157027537172491,
    0.6124191663481973,
    0.6082206205888228,
    0.5994969172911211,
    0.5956293886358087,
    0.6023218035697937,
    0.605300551111048,
    0.5969541235403582,
    0.59570542790673,
    0.5829745693640276,
    0.5727726817131042,
    0.580076586116444,
    0.5658182041211561,
    0.5744413733482361,
    0.5639464204961603,
    0.5524378744038668,
    0.564965383573012,
    0.5626316937533292,
    0.5547647259452126,
    0.561514285477725,
    0.5521797185594385,
    0.5549782514572144,
    0.5522647554224188,
    0.5355774678967216,
    0.5446632070974871,
    0.5755807134238157
  ],
  "train_accuracy": [
    0.44753086419753085,
    0.44753086419753085,
    0.4567901234567901,
    0.5277777777777778,
    0.49382716049382713,
    0.5771604938271605,
    0.5308641975308642,
    0.5802469135802469,
    0.5864197530864198,
    0.5740740740740741,
    0.5864197530864198,
    0.6111111111111112,
    0.5864197530864198,
    0.6018518518518519,
    0.6419753086419753,
    0.6203703703703703,
    0.6388888888888888,
    0.6481481481481481,
    0.6358024691358025,
    0.6481481481481481,
    0.6141975308641975,
    0.6358024691358025,
    0.6635802469135802,
    0.6450617283950617,
    0.6697530864197531,
    0.6512345679012346,
    0.6265432098765432,
    0.6358024691358025,
    0.6728395061728395,
    0.6203703703703703
  ],
  "train_precision": [
    0.0,
    0.0,
    1.0,
    0.6181818181818182,
    0.5405405405405406,
    0.5905172413793104,
    0.5859872611464968,
    0.6187845303867403,
    0.5982532751091703,
    0.6062176165803109,
    0.6451612903225806,
    0.6827586206896552,
    0.6666666666666666,
    0.676056338028169,
    0.7299270072992701,
    0.6971830985915493,
    0.7214285714285714,
    0.6923076923076923,
    0.6894409937888198,
    0.768595041322314,
    0.7327586206896551,
    0.7364341085271318,
    0.7651515151515151,
    0.7318840579710145,
    0.7571428571428571,
    0.7538461538461538,
    0.7196969696969697,
    0.725925925925926,
    0.7517241379310344,
    0.7028985507246377
  ],
  "train_recall": [
    0.0,
    0.0,
    0.01675977653631285,
    0.37988826815642457,
    0.5586592178770949,
    0.7653631284916201,
    0.5139664804469274,
    0.6256983240223464,
    0.7653631284916201,
    0.6536312849162011,
    0.5586592178770949,
    0.553072625698324,
    0.5027932960893855,
    0.5363128491620112,
    0.5586592178770949,
    0.553072625698324,
    0.5642458100558659,
    0.6536312849162011,
    0.6201117318435754,
    0.5195530726256983,
    0.4748603351955307,
    0.5307262569832403,
    0.5642458100558659,
    0.5642458100558659,
    0.5921787709497207,
    0.547486033519553,
    0.5307262569832403,
    0.547486033519553,
    0.6089385474860335,
    0.5418994413407822
  ],
  "train_f1": [
    0.0,
    0.0,
    0.03296703296703297,
    0.47058823529411764,
    0.5494505494505495,
    0.6666666666666666,
    0.5476190476190477,
    0.6222222222222222,
    0.6715686274509803,
    0.6290322580645161,
    0.5988023952095808,
    0.6111111111111112,
    0.5732484076433121,
    0.5981308411214953,
    0.6329113924050633,
    0.616822429906542,
    0.6332288401253918,
    0.6724137931034483,
    0.6529411764705882,
    0.62,
    0.576271186440678,
    0.6168831168831169,
    0.6495176848874598,
    0.637223974763407,
    0.664576802507837,
    0.6343042071197411,
    0.6109324758842444,
    0.6242038216560509,
    0.6728395061728395,
    0.61198738170347
  ],
  "train_roc_auc": [
    0.49312271238682326,
    0.47805817761510305,
    0.5287613176651897,
    0.5414371026777114,
    0.47963783471392796,
    0.5748410710845695,
    0.5409747640146407,
    0.6200346753997302,
    0.6355230206125988,
    0.6001541128876902,
    0.6458485840878444,
    0.6530918898092852,
    0.629743787324215,
    0.6825659795800424,
    0.6883452128684261,
    0.690271623964554,
    0.6920824503949143,
    0.7079946060489308,
    0.6920824503949143,
    0.6954729339240995,
    0.7028703525332305,
    0.6986322481217491,
    0.7138894240030822,
    0.7313619726449625,
    0.7313812367559237,
    0.701175110768638,
    0.7168946253130417,
    0.7091504527066077,
    0.730918898092853,
    0.6727798112117126
  ],
  "train_pr_auc": [
    0.5559372137821679,
    0.5418126555308079,
    0.5956752389831679,
    0.6044618971619755,
    0.5763845426577523,
    0.6330945608450645,
    0.6242991672191425,
    0.6804566527645073,
    0.6809463147242127,
    0.6493181560994697,
    0.6755612349888971,
    0.6991396992731703,
    0.6923687465776023,
    0.7396235053496505,
    0.7387594120149642,
    0.7040107955435975,
    0.7098741762492481,
    0.7653087942679389,
    0.750149218378764,
    0.7489688117251428,
    0.7547941621468683,
    0.7444674027866398,
    0.7571849907541844,
    0.769703412244263,
    0.7671783307702194,
    0.7435799114829007,
    0.7556927624990258,
    0.7723128045446126,
    0.781372385712602,
    0.7215968458639858
  ],
  "val_loss": [
    0.6736139059066772,
    0.6455055475234985,
    0.6225849787394205,
    0.6115354696909586,
    0.6046564181645712,
    0.5947043697039286,
    0.5884824196497599,
    0.5759935180346171,
    0.5720422466595968,
    0.5707725485165914,
    0.5687093734741211,
    0.5643025239308676,
    0.5568591356277466,
    0.548961857954661,
    0.5425774852434794,
    0.5312078893184662,
    0.5245385964711508,
    0.5176393489042918,
    0.523294985294342,
    0.51852880915006,
    0.5157356063524882,
    0.5130742092927297,
    0.5119855801264445,
    0.5088983078797659,
    0.5086014171441396,
    0.5078520973523458,
    0.5074755946795145,
    0.5071845352649689,
    0.506903201341629,
    0.5069029629230499
  ],
  "val_accuracy": [
    0.4567901234567901,
    0.4567901234567901,
    0.4691358024691358,
    0.6172839506172839,
    0.6666666666666666,
    0.7037037037037037,
    0.6172839506172839,
    0.6790123456790124,
    0.7037037037037037,
    0.6790123456790124,
    0.6790123456790124,
    0.7037037037037037,
    0.7283950617283951,
    0.7160493827160493,
    0.7283950617283951,
    0.7283950617283951,
    0.7530864197530864,
    0.7530864197530864,
    0.7407407407407407,
    0.7407407407407407,
    0.7407407407407407,
    0.7407407407407407,
    0.7530864197530864,
    0.7530864197530864,
    0.7407407407407407,
    0.7407407407407407,
    0.7407407407407407,
    0.7407407407407407,
    0.7407407407407407,
    0.7407407407407407
  ],
  "val_precision": [
    0.0,
    0.0,
    1.0,
    0.5970149253731343,
    0.6808510638297872,
    0.6851851851851852,
    0.6585365853658537,
    0.640625,
    0.6785714285714286,
    0.68,
    0.725,
    0.7777777777777778,
    0.7894736842105263,
    0.7692307692307693,
    0.7894736842105263,
    0.7894736842105263,
    0.7727272727272727,
    0.74,
    0.7948717948717948,
    0.8709677419354839,
    0.7948717948717948,
    0.7804878048780488,
    0.7857142857142857,
    0.7857142857142857,
    0.7804878048780488,
    0.7804878048780488,
    0.7804878048780488,
    0.7804878048780488,
    0.7804878048780488,
    0.7804878048780488
  ],
  "val_recall": [
    0.0,
    0.0,
    0.022727272727272728,
    0.9090909090909091,
    0.7272727272727273,
    0.8409090909090909,
    0.6136363636363636,
    0.9318181818181818,
    0.8636363636363636,
    0.7727272727272727,
    0.6590909090909091,
    0.6363636363636364,
    0.6818181818181818,
    0.6818181818181818,
    0.6818181818181818,
    0.6818181818181818,
    0.7727272727272727,
    0.8409090909090909,
    0.7045454545454546,
    0.6136363636363636,
    0.7045454545454546,
    0.7272727272727273,
    0.75,
    0.75,
    0.7272727272727273,
    0.7272727272727273,
    0.7272727272727273,
    0.7272727272727273,
    0.7272727272727273,
    0.7272727272727273
  ],