{
  "train_loss": [
    1.0538403615355492,
    1.0235282555222511,
    1.013663612306118,
    0.949675939977169,
    0.8856726288795471,
    0.8088922947645187,
    0.7777428701519966,
    0.6804223544895649,
    0.6798710413277149,
    0.7213861420750618,
    0.6483393721282482,
    0.6293300092220306,
    0.6718865968286991,
    0.5984580740332603,
    0.5960122533142567,
    0.6574888378381729,
    0.6176851764321327,
    0.5789173357188702,
    0.5914000757038593,
    0.550234779715538,
    0.5925528109073639,
    0.6109939590096474,
    0.5315370298922062,
    0.6110709197819233,
    0.563243392854929,
    0.5821106843650341,
    0.5901929847896099,
    0.6126123741269112,
    0.4583294689655304
  ],
  "train_accuracy": [
    0.37083333333333335,
    0.4375,
    0.5666666666666667,
    0.7041666666666667,
    0.6625,
    0.7791666666666667,
    0.7666666666666667,
    0.8083333333333333,
    0.8125,
    0.7875,
    0.8208333333333333,
    0.85,
    0.8166666666666667,
    0.8291666666666667,
    0.8458333333333333,
    0.8166666666666667,
    0.8166666666666667,
    0.8375,
    0.8458333333333333,
    0.85,
    0.8541666666666666,
    0.8458333333333333,
    0.8625,
    0.8416666666666667,
    0.85,
    0.8541666666666666,
    0.8416666666666667,
    0.8208333333333333,
    0.8833333333333333
  ],
  "train_precision": [
    0.26288659793814434,
    0.27647058823529413,
    0.2897196261682243,
    0.43023255813953487,
    0.4067796610169492,
    0.5416666666666666,
    0.5164835164835165,
    0.5747126436781609,
    0.5853658536585366,
    0.5444444444444444,
    0.5952380952380952,
    0.6666666666666666,
    0.5949367088607594,
    0.6071428571428571,
    0.6527777777777778,
    0.5925925925925926,
    0.5882352941176471,
    0.6219512195121951,
    0.6375,
    0.6493506493506493,
    0.6578947368421053,
    0.6486486486486487,
    0.6710526315789473,
    0.6363636363636364,
    0.6575342465753424,
    0.6621621621621622,
    0.64,
    0.6,
    0.7066666666666667
  ],
  "train_recall": [
    0.864406779661017,
    0.7966101694915254,
    0.5254237288135594,
    0.6271186440677966,
    0.8135593220338984,
    0.6610169491525424,
    0.7966101694915254,
    0.847457627118644,
    0.8135593220338984,
    0.8305084745762712,
    0.847457627118644,
    0.7796610169491526,
    0.7966101694915254,
    0.864406779661017,
    0.7966101694915254,
    0.8135593220338984,
    0.847457627118644,
    0.864406779661017,
    0.864406779661017,
    0.847457627118644,
    0.847457627118644,
    0.8135593220338984,
    0.864406779661017,
    0.8305084745762712,
    0.8135593220338984,
    0.8305084745762712,
    0.8135593220338984,
    0.8135593220338984,
    0.8983050847457628
  ],
  "train_f1": [
    0.4031620553359684,
    0.4104803493449782,
    0.37349397590361444,
    0.5103448275862069,
    0.5423728813559322,
    0.5954198473282443,
    0.6266666666666667,
    0.684931506849315,
    0.6808510638297872,
    0.6577181208053692,
    0.6993006993006993,
    0.71875,
    0.6811594202898551,
    0.7132867132867133,
    0.7175572519083969,
    0.6857142857142857,
    0.6944444444444444,
    0.723404255319149,
    0.7338129496402878,
    0.7352941176470589,
    0.7407407407407407,
    0.7218045112781954,
    0.7555555555555555,
    0.7205882352941176,
    0.7272727272727273,
    0.7368421052631579,
    0.7164179104477612,
    0.6906474820143885,
    0.7910447761194029
  ],
  "train_roc_auc": [
    0.5634422698754564,
    0.5907856540874614,
    0.5918157130817492,
    0.7145800168555108,
    0.781440209757468,
    0.8328495177451072,
    0.8258263882385992,
    0.8566345163404814,
    0.8627212285794551,
    0.8517651465493024,
    0.8653431969285513,
    0.8844461091862533,
    0.8732091019758405,
    0.8806067983893623,
    0.897930517838749,
    0.8840715422792397,
    0.8950276243093923,
    0.8952149077628991,
    0.8991478602865437,
    0.910665792677217,
    0.9005524861878453,
    0.9090738833224085,
    0.9186253394512596,
    0.8966195336642008,
    0.9171270718232045,
    0.9104785092237101,
    0.8988669351062835,
    0.9084183912351345,
    0.9390392358835097
  ],
  "train_pr_auc": [
    0.32636988097217945,
    0.31141386819146877,
    0.3195533216861736,
    0.47488305617581916,
    0.5222229351086525,
    0.5612514042481157,
    0.5922679190774872,
    0.5938528056078026,
    0.6025258051216238,
    0.6110709080179643,
    0.5558950813036427,
    0.6474150190702469,
    0.6668531949368747,
    0.640163842949751,
    0.6717078560945633,
    0.666007502902542,
    0.6775215934805884,
    0.6919524045416544,
    0.6661548709506117,
    0.708494172636364,
    0.7181061135564774,
    0.7096133122931292,
    0.7608069981329424,
    0.7317383538835444,
    0.7274110174229262,
    0.7191531579874658,
    0.6951598925938853,
    0.7736250433030649,
    0.8132665460252863
  ],
  "val_loss": [
    1.0526736080646515,
    1.0417282283306122,
    1.003817081451416,
    0.9259668290615082,
    0.8432643115520477,
    0.7818762063980103,
    0.7337424457073212,
    0.7331183850765228,
    0.7138336300849915,
    0.7003867328166962,
    0.6679539531469345,
    0.6600555032491684,
    0.6849291622638702,
    0.6417505592107773,
    0.6360679715871811,
    0.6367942243814468,
    0.6467552483081818,
    0.6298178434371948,
    0.6155464351177216,
    0.6073748171329498,
    0.6059853881597519,
    0.6078867465257645,
    0.608631357550621,
    0.6127834320068359,
    0.6145281791687012,
    0.6151927560567856,
    0.6152617782354355,
    0.6154859960079193,
    0.6155194789171219
  ],
  "val_accuracy": [
    0.29508196721311475,
    0.6721311475409836,
    0.7213114754098361,
    0.7049180327868853,
    0.7540983606557377,
    0.819672131147541,
    0.8032786885245902,
    0.8360655737704918,
    0.7868852459016393,
    0.819672131147541,
    0.8360655737704918,
    0.819672131147541,
    0.8032786885245902,
    0.8688524590163934,
    0.8688524590163934,
    0.8524590163934426,
    0.8524590163934426,
    0.8524590163934426,
    0.8524590163934426,
    0.8688524590163934,
    0.8688524590163934,
    0.8688524590163934,
    0.8688524590163934,
    0.8688524590163934,
    0.8688524590163934,
    0.8688524590163934,
    0.8524590163934426,
    0.8524590163934426,
    0.8524590163934426
  ],
  "val_precision": [
    0.29508196721311475,
    0.4642857142857143,
    0.5217391304347826,
    0.5,
    0.5714285714285714,
    0.6666666666666666,
    0.625,
    0.6818181818181818,
    0.6,
    0.6521739130434783,
    0.6818181818181818,
    0.6521739130434783,
    0.625,
    0.75,
    0.75,
    0.7142857142857143,
    0.7142857142857143,
    0.7142857142857143,
    0.7142857142857143,
    0.75,
    0.75,
    0.75,
    0.75,
    0.75,
    0.75,
    0.75,
    0.7142857142857143,
    0.7142857142857143,
    0.7142857142857143
  ],
  "val_recall": [
    1.0,
    0.7222222222222222,
    0.6666666666666666,
    0.6666666666666666,
    0.6666666666666666,
    0.7777777777777778,
    0.8333333333333334,
    0.8333333333333334,
    0.8333333333333334,
    0.8333333333333334,
    0.8333333333333334,
    0.8333333333333334,
    0.8333333333333334,
    0.8333333333333334,
    0.8333333333333334,
    0.8333333333333334,
    0.8333333333333334,
    0.8333333333333334,
    0.8333333333333334,
    0.8333333333333334,
    0.8333333333333334,
    0.8333333333333334,
    0.8333333333333334,
    0.8333333333333334,
    0.8333333333333334,
    0.8333333333333334,
    0.8333333333333334,
    0.8333333333333334,
    0.8333333333333334
  ],