{
  "train_loss": [
    1.052778735756874,
    1.0348787978291512,
    1.0277884006500244,
    1.0167129784822464,
    1.0321102738380432,
    0.9849045872688293,
    0.9535484090447426,
    0.883379302918911,
    0.8638888001441956,
    0.7921960800886154,
    0.7489005103707314,
    0.7800909951329231,
    0.730816662311554,
    0.8078449666500092,
    0.6834410950541496,
    0.705124981701374,
    0.707035094499588,
    0.6839349940419197,
    0.6822421066462994,
    0.7686933875083923,
    0.6951450407505035,
    0.6453809216618538,
    0.7041399329900742,
    0.6955141723155975,
    0.6939878202974796,
    0.7360860630869865,
    0.7097608521580696,
    0.6809695735573769,
    0.6789799705147743,
    0.7110120728611946
  ],
  "train_accuracy": [
    0.7541666666666667,
    0.7541666666666667,
    0.7041666666666667,
    0.5541666666666667,
    0.5083333333333333,
    0.6416666666666667,
    0.7291666666666666,
    0.7583333333333333,
    0.775,
    0.7875,
    0.7583333333333333,
    0.7291666666666666,
    0.7583333333333333,
    0.7458333333333333,
    0.7875,
    0.7708333333333334,
    0.775,
    0.775,
    0.775,
    0.7708333333333334,
    0.775,
    0.7708333333333334,
    0.775,
    0.7666666666666667,
    0.7625,
    0.775,
    0.7666666666666667,
    0.7875,
    0.775,
    0.7541666666666667
  ],
  "train_precision": [
    0.0,
    0.0,
    0.2857142857142857,
    0.2894736842105263,
    0.304635761589404,
    0.3783783783783784,
    0.4625,
    0.5053763440860215,
    0.5280898876404494,
    0.5425531914893617,
    0.5047619047619047,
    0.4732142857142857,
    0.5048543689320388,
    0.4888888888888889,
    0.54,
    0.52,
    0.5263157894736842,
    0.5263157894736842,
    0.5252525252525253,
    0.5217391304347826,
    0.5257731958762887,
    0.5192307692307693,
    0.5247524752475248,
    0.5154639175257731,
    0.5106382978723404,
    0.5257731958762887,
    0.5148514851485149,
    0.5408163265306123,
    0.5263157894736842,
    0.5
  ],
  "train_recall": [
    0.0,
    0.0,
    0.13559322033898305,
    0.559322033898305,
    0.7796610169491526,
    0.711864406779661,
    0.6271186440677966,
    0.7966101694915254,
    0.7966101694915254,
    0.864406779661017,
    0.8983050847457628,
    0.8983050847457628,
    0.8813559322033898,
    0.7457627118644068,
    0.9152542372881356,
    0.8813559322033898,
    0.847457627118644,
    0.847457627118644,
    0.8813559322033898,
    0.8135593220338984,
    0.864406779661017,
    0.9152542372881356,
    0.8983050847457628,
    0.847457627118644,
    0.8135593220338984,
    0.864406779661017,
    0.8813559322033898,
    0.8983050847457628,
    0.847457627118644,
    0.847457627118644
  ],
  "train_f1": [
    0.0,
    0.0,
    0.1839080459770115,
    0.3815028901734104,
    0.4380952380952381,
    0.49411764705882355,
    0.5323741007194245,
    0.618421052631579,
    0.6351351351351351,
    0.6666666666666666,
    0.6463414634146342,
    0.6198830409356725,
    0.6419753086419753,
    0.5906040268456376,
    0.6792452830188679,
    0.6540880503144654,
    0.6493506493506493,
    0.6493506493506493,
    0.6582278481012658,
    0.6357615894039735,
    0.6538461538461539,
    0.6625766871165644,
    0.6625,
    0.6410256410256411,
    0.6274509803921569,
    0.6538461538461539,
    0.65,
    0.6751592356687898,
    0.6493506493506493,
    0.6289308176100629
  ],
  "train_roc_auc": [
    0.5327277835003278,
    0.5346006180353966,
    0.5715891001030059,
    0.6028654368386552,
    0.6478134656803072,
    0.7079314542560164,
    0.769547710459781,
    0.8212379436276804,
    0.7933327090551551,
    0.8054124918063489,
    0.8217997939882011,
    0.779567375222399,
    0.8269500889596404,
    0.782938477385523,
    0.8390298717108344,
    0.839591722071355,
    0.8306957580297781,
    0.8501732371944939,
    0.8421200486936978,
    0.8141211723944191,
    0.8335050098323813,
    0.8449293004963012,
    0.8600992602303587,
    0.8262009551456129,
    0.8482067609326717,
    0.8319131004775728,
    0.8357524112744639,
    0.825170896151325,
    0.8453038674033149,
    0.8322876673845866
  ],
  "train_pr_auc": [
    0.26275962679008935,
    0.2450712614267968,
    0.28210946745403986,
    0.307075066453671,
    0.37605512011539366,
    0.4142634394595723,
    0.4908257192419976,
    0.5428439926166655,
    0.4812540376798071,
    0.4747592396037055,
    0.48400604781238143,
    0.4340168073782406,
    0.5036785999651276,
    0.4174200112260843,
    0.5238860502628144,
    0.5295791862687307,
    0.5406028984967408,
    0.5727064764764177,
    0.5459163193323856,
    0.5161402489935311,
    0.5296653452909835,
    0.5303198727247019,
    0.6374637238462422,
    0.5372804046912937,
    0.5727141562131822,
    0.5669658490207353,
    0.5389394702579307,
    0.5155190298379637,
    0.5400835930220625,
    0.5396265372637595
  ],
  "val_loss": [
    1.1320419311523438,
    1.112584501504898,
    1.0937788486480713,
    1.0744706094264984,
    1.0533485412597656,
    1.0195021033287048,
    0.9809892177581787,
    0.9054203927516937,
    0.8619166612625122,
    0.7537003755569458,
    0.7514103353023529,
    0.7253193259239197,
    0.7966805398464203,
    0.7034148573875427,
    0.7007146179676056,
    0.6919902861118317,
    0.6899981647729874,
    0.6920155584812164,
    0.6888136565685272,
    0.6892227679491043,
    0.6867094784975052,
    0.6842616647481918,
    0.683864414691925,
    0.6834998428821564,
    0.6842579692602158,
    0.6850195527076721,
    0.6854438036680222,
    0.6855433136224747,
    0.6856024414300919,
    0.6856253445148468
  ],
  "val_accuracy": [
    0.7049180327868853,
    0.7049180327868853,
    0.6065573770491803,
    0.5737704918032787,
    0.6229508196721312,
    0.8032786885245902,
    0.819672131147541,
    0.8360655737704918,
    0.7704918032786885,
    0.8032786885245902,
    0.8032786885245902,
    0.8032786885245902,
    0.7868852459016393,
    0.819672131147541,
    0.819672131147541,
    0.8360655737704918,
    0.8360655737704918,
    0.8360655737704918,
    0.819672131147541,
    0.819672131147541,
    0.819672131147541,
    0.819672131147541,
    0.819672131147541,
    0.819672131147541,
    0.819672131147541,
    0.819672131147541,
    0.819672131147541,
    0.819672131147541,
    0.819672131147541,
    0.819672131147541
  ],
  "val_precision": [
    0.0,
    0.0,
    0.39285714285714285,
    0.39473684210526316,
    0.42857142857142855,
    0.6363636363636364,
    0.6666666666666666,
    0.6818181818181818,
    0.6,
    0.625,
    0.625,
    0.6153846153846154,
    0.6086956521739131,
    0.64,
    0.64,
    0.6666666666666666,
    0.6666666666666666,
    0.6666666666666666,
    0.64,
    0.64,
    0.64,
    0.64,
    0.64,
    0.64,
    0.64,
    0.64,
    0.64,
    0.64,
    0.64,
    0.64
  ],
  "val_recall": [
    0.0,
    0.0,
    0.6111111111111112,
    0.8333333333333334,
    0.8333333333333334,
    0.7777777777777778,
    0.7777777777777778,
    0.8333333333333334,
    0.6666666666666666,
    0.8333333333333334,
    0.8333333333333334,
    0.8888888888888888,
    0.7777777777777778,
    0.8888888888888888,
    0.8888888888888888,
    0.8888888888888888,
    0.8888888888888888,
    0.8888888888888888,
    0.8888888888888888,
    0.8888888888888888,
    0.8888888888888888,
    0.8888888888888888,
    0.8888888888888888,
    0.8888888888888888,
    0.8888888888888888,
    0.8888888888888888,
    0.8888888888888888,
    0.8888888888888888,
    0.8888888888888888,
    0.8888888888888888
  ],