{
  "train_loss": [
    0.9523692965507508,
    0.9568208575248718,
    0.9188285946846009,
    0.9009098291397095,
    0.84732027053833,
    0.7930029511451722,
    0.691737711429596,
    0.5950385451316833,
    0.5094237327575684,
    0.38898577094078063,
    0.32782559990882876,
    0.2867280662059784,
    0.3118979573249817,
    0.2766656219959259,
    0.23846587240695954,
    0.2504863262176514,
    0.25876293182373045,
    0.24960367381572723,
    0.20242352336645125,
    0.20604945868253707,
    0.21738561242818832,
    0.18949328362941742,
    0.199214468896389,
    0.18635691702365875,
    0.1861668646335602,
    0.17046346962451936,
    0.15886131078004836,
    0.16728438884019853
  ],
  "train_accuracy": [
    0.6666666666666666,
    0.6089743589743589,
    0.6025641025641025,
    0.6153846153846154,
    0.7628205128205128,
    0.8012820512820513,
    0.8717948717948718,
    0.8589743589743589,
    0.8461538461538461,
    0.8846153846153846,
    0.9166666666666666,
    0.9230769230769231,
    0.9166666666666666,
    0.9166666666666666,
    0.9166666666666666,
    0.9102564102564102,
    0.9230769230769231,
    0.9230769230769231,
    0.9294871794871795,
    0.9294871794871795,
    0.9423076923076923,
    0.9358974358974359,
    0.9423076923076923,
    0.9230769230769231,
    0.9358974358974359,
    0.9551282051282052,
    0.9551282051282052,
    0.9358974358974359
  ],
  "train_precision": [
    0.42857142857142855,
    0.2222222222222222,
    0.4153846153846154,
    0.45054945054945056,
    0.6458333333333334,
    0.6785714285714286,
    0.7719298245614035,
    0.7230769230769231,
    0.7014925373134329,
    0.7704918032786885,
    0.8166666666666667,
    0.8305084745762712,
    0.8275862068965517,
    0.8166666666666667,
    0.8166666666666667,
    0.8363636363636363,
    0.8421052631578947,
    0.819672131147541,
    0.8448275862068966,
    0.8571428571428571,
    0.8888888888888888,
    0.8596491228070176,
    0.875,
    0.8305084745762712,
    0.847457627118644,
    0.8928571428571429,
    0.8793103448275862,
    0.847457627118644
  ],
  "train_recall": [
    0.058823529411764705,
    0.0784313725490196,
    0.5294117647058824,
    0.803921568627451,
    0.6078431372549019,
    0.7450980392156863,
    0.8627450980392157,
    0.9215686274509803,
    0.9215686274509803,
    0.9215686274509803,
    0.9607843137254902,
    0.9607843137254902,
    0.9411764705882353,
    0.9607843137254902,
    0.9607843137254902,
    0.9019607843137255,
    0.9411764705882353,
    0.9803921568627451,
    0.9607843137254902,
    0.9411764705882353,
    0.9411764705882353,
    0.9607843137254902,
    0.9607843137254902,
    0.9607843137254902,
    0.9803921568627451,
    0.9803921568627451,
    1.0,
    0.9803921568627451
  ],
  "train_f1": [
    0.10344827586206896,
    0.11594202898550725,
    0.46551724137931033,
    0.5774647887323944,
    0.6262626262626263,
    0.7102803738317757,
    0.8148148148148148,
    0.8103448275862069,
    0.7966101694915254,
    0.8392857142857143,
    0.8828828828828829,
    0.8909090909090909,
    0.8807339449541285,
    0.8828828828828829,
    0.8828828828828829,
    0.8679245283018868,
    0.8888888888888888,
    0.8928571428571429,
    0.8990825688073395,
    0.897196261682243,
    0.9142857142857143,
    0.9074074074074074,
    0.9158878504672897,
    0.8909090909090909,
    0.9090909090909091,
    0.9345794392523364,
    0.9357798165137615,
    0.9090909090909091
  ],
  "train_roc_auc": [
    0.5284780578898226,
    0.4752567693744165,
    0.6125116713352008,
    0.6825396825396826,
    0.8140056022408964,
    0.873015873015873,
    0.9473389355742297,
    0.9520074696545284,
    0.9542483660130718,
    0.9695611577964519,
    0.9796451914098974,
    0.9837535014005602,
    0.9723622782446312,
    0.976844070961718,
    0.9822595704948647,
    0.9822595704948647,
    0.9820728291316527,
    0.980018674136321,
    0.9915966386554622,
    0.9887955182072828,
    0.9878618113912231,
    0.991970121381886,
    0.9878618113912231,
    0.9871148459383754,
    0.9940242763772176,
    0.9912231559290383,
    0.9951447245564893,
    0.9943977591036415
  ],
  "train_pr_auc": [
    0.3875297556823819,
    0.31659126177404706,
    0.414878540154244,
    0.44456659127762843,
    0.7320794424402888,
    0.7903566128448145,
    0.8934804381358259,
    0.9016872917996547,
    0.9204732230405192,
    0.9261129986755113,
    0.9621194801757433,
    0.9665941679098249,
    0.9417955671033249,
    0.9543555998490038,
    0.9589870626344223,
    0.9632914317037544,
    0.9643564407524896,
    0.9561645701583066,
    0.983713834888944,
    0.9786972602794696,
    0.9754335855829528,
    0.9845895276792272,
    0.9737999895274815,
    0.9666232744888162,
    0.9885300413295879,
    0.9804805844853544,
    0.9899366653204746,
    0.9892449364098964
  ],
  "val_loss": [
    0.8700190186500549,
    0.8644242584705353,
    0.8696961104869843,
    0.8214406669139862,
    0.7808753252029419,
    0.7211480438709259,
    0.6576898097991943,
    0.5938628017902374,
    0.511994257569313,
    0.4830417186021805,
    0.48899832367897034,
    0.4846935272216797,
    0.4491236209869385,
    0.43458206951618195,
    0.4165579378604889,
    0.419136106967926,
    0.45040062069892883,
    0.43133360147476196,
    0.3964173048734665,
    0.39085526764392853,
    0.3926995247602463,
    0.39977453649044037,
    0.406084805727005,
    0.40428222715854645,
    0.399655357003212,
    0.39542609453201294,
    0.393257811665535,
    0.3923671394586563
  ],
  "val_accuracy": [
    0.725,
    0.725,
    0.375,
    0.9,
    0.85,
    0.775,
    0.75,
    0.725,
    0.8,
    0.85,
    0.85,
    0.85,
    0.85,
    0.85,
    0.875,
    0.875,
    0.85,
    0.85,
    0.875,
    0.9,
    0.875,
    0.875,
    0.875,
    0.875,
    0.875,
    0.875,
    0.875,
    0.875
  ],
  "val_precision": [
    0.0,
    0.0,
    0.3055555555555556,
    0.8181818181818182,
    0.6666666666666666,
    0.5625,
    0.5263157894736842,
    0.5,
    0.6,
    0.6666666666666666,
    0.6666666666666666,
    0.6666666666666666,
    0.6666666666666666,
    0.6666666666666666,
    0.7142857142857143,
    0.7142857142857143,
    0.6666666666666666,
    0.6666666666666666,
    0.7142857142857143,
    0.7692307692307693,
    0.7142857142857143,
    0.7142857142857143,
    0.7142857142857143,
    0.7142857142857143,
    0.7142857142857143,
    0.7142857142857143,
    0.7142857142857143,
    0.7142857142857143
  ],
  "val_recall": [
    0.0,
    0.0,
    1.0,
    0.8181818181818182,
    0.9090909090909091,
    0.8181818181818182,
    0.9090909090909091,
    0.9090909090909091,
    0.8181818181818182,
    0.9090909090909091,
    0.9090909090909091,
    0.9090909090909091,
    0.9090909090909091,
    0.9090909090909091,
    0.9090909090909091,
    0.9090909090909091,
    0.9090909090909091,
    0.9090909090909091,
    0.9090909090909091,
    0.9090909090909091,
    0.9090909090909091,
    0.9090909090909091,
    0.9090909090909091,
    0.9090909090909091,
    0.9090909090909091,
    0.9090909090909091,
    0.9090909090909091,
    0.9090909090909091
  ],
  "val_f1": [
    0.0,
    0.0,
    0.46808510638297873,
    0.8181818181818182,
    0.7692307692307693,
    0.6666666666666666,
    0.6666666666666666,
    0.6451612903225806,
    0.6923076923076923,
    0.7692307692307693,
    0.7692307692307693,
    0.7692307692307693,
    0.7692307692307693,
    0.7692307692307693,
    0.8,
    0.8,
    0.7692307692307693,
    0.7692307692307693,
    0.8,
    0.8333333333333334,
    0.8,
    0.8,
    0.8,
    0.8,
    0.8,
    0.8,
    0.8,
    0.8
  ],