{
  "train_loss": [
    0.6435568657788363,
    0.629487465728413,
    0.6128154559568926,
    0.6186614361676303,
    0.6119994683699175,
    0.6115301901643927,
    0.6005678827112372,
    0.5892770994793285,
    0.5919650793075562,
    0.5695304057814858,
    0.5426752404733137,
    0.5042858611453663,
    0.5118593952872537,
    0.5270197120579806,
    0.4991843971339139,
    0.4965271624651822,
    0.5403191420164976,
    0.4913210083137859,
    0.46016247976909985,
    0.5058185105974023,
    0.4924464388327165,
    0.4869853231039914,
    0.44394033605402167,
    0.441877774216912,
    0.4483970214020122,
    0.44078337062488904,
    0.45755484158342535,
    0.46434175155379553,
    0.4357325868173079,
    0.4568102332678708
  ],
  "train_accuracy": [
    0.5555555555555556,
    0.5432098765432098,
    0.5216049382716049,
    0.5123456790123457,
    0.5277777777777778,
    0.5648148148148148,
    0.5679012345679012,
    0.6388888888888888,
    0.6604938271604939,
    0.6512345679012346,
    0.691358024691358,
    0.7283950617283951,
    0.7222222222222222,
    0.7098765432098766,
    0.7407407407407407,
    0.7222222222222222,
    0.7438271604938271,
    0.7530864197530864,
    0.7623456790123457,
    0.7592592592592593,
    0.7561728395061729,
    0.7067901234567902,
    0.7438271604938271,
    0.7530864197530864,
    0.7530864197530864,
    0.7592592592592593,
    0.7376543209876543,
    0.7314814814814815,
    0.7746913580246914,
    0.7438271604938271
  ],
  "train_precision": [
    0.5545171339563862,
    0.5518394648829431,
    0.5789473684210527,
    0.5439330543933054,
    0.5822784810126582,
    0.6130952380952381,
    0.6511627906976745,
    0.7246376811594203,
    0.7065868263473054,
    0.7391304347826086,
    0.7135135135135136,
    0.7692307692307693,
    0.7664670658682635,
    0.7707006369426752,
    0.7714285714285715,
    0.7258883248730964,
    0.7727272727272727,
    0.7861271676300579,
    0.7865168539325843,
    0.7512437810945274,
    0.7747252747252747,
    0.7592592592592593,
    0.7823529411764706,
    0.803680981595092,
    0.7861271676300579,
    0.7853107344632768,
    0.7670454545454546,
    0.7705882352941177,
    0.8081395348837209,
    0.7666666666666667
  ],
  "train_recall": [
    0.994413407821229,
    0.9217877094972067,
    0.49162011173184356,
    0.7262569832402235,
    0.5139664804469274,
    0.5754189944134078,
    0.4692737430167598,
    0.5586592178770949,
    0.659217877094972,
    0.5698324022346368,
    0.7374301675977654,
    0.7262569832402235,
    0.7150837988826816,
    0.6759776536312849,
    0.7541899441340782,
    0.7988826815642458,
    0.7597765363128491,
    0.7597765363128491,
    0.7821229050279329,
    0.8435754189944135,
    0.7877094972067039,
    0.6871508379888268,
    0.7430167597765364,
    0.7318435754189944,
    0.7597765363128491,
    0.776536312849162,
    0.7541899441340782,
    0.7318435754189944,
    0.776536312849162,
    0.770949720670391
  ],
  "train_f1": [
    0.712,
    0.6903765690376569,
    0.5317220543806647,
    0.6220095693779905,
    0.5459940652818991,
    0.5936599423631124,
    0.5454545454545454,
    0.6309148264984227,
    0.6820809248554913,
    0.6435331230283912,
    0.7252747252747253,
    0.7471264367816092,
    0.7398843930635838,
    0.7202380952380952,
    0.7627118644067796,
    0.7606382978723404,
    0.7661971830985915,
    0.7727272727272727,
    0.7843137254901961,
    0.7947368421052632,
    0.7811634349030471,
    0.7214076246334311,
    0.7621776504297995,
    0.7660818713450293,
    0.7727272727272727,
    0.7808988764044944,
    0.7605633802816901,
    0.7507163323782235,
    0.792022792022792,
    0.7688022284122563
  ],
  "train_roc_auc": [
    0.513388557118089,
    0.534502022731651,
    0.5367751878250818,
    0.5076093238297053,
    0.5481410132922366,
    0.607590059718744,
    0.6474282411866692,
    0.6868040839915238,
    0.686688499325756,
    0.7290695434405701,
    0.7563475245617415,
    0.7935657869389328,
    0.7878250818724716,
    0.7785012521672124,
    0.800269697553458,
    0.7950683875939124,
    0.7952225004816028,
    0.8179926796378347,
    0.8219996147177808,
    0.8256597958004237,
    0.8199190907339626,
    0.7938354844923907,
    0.838720863032171,
    0.8290117511076864,
    0.8445771527643999,
    0.8424966287805817,
    0.8342901175110768,
    0.8349065690618378,
    0.8312463879791948,
    0.8261606626854171
  ],
  "train_pr_auc": [
    0.5803890844133219,
    0.6008685784758842,
    0.6020402914038011,
    0.5833956512593719,
    0.6111072611232526,
    0.6750590933262455,
    0.6939542211419651,
    0.7222149083102077,
    0.721833735766317,
    0.7642629452310092,
    0.7901071458814555,
    0.8117236927819536,
    0.8232975508330311,
    0.8213294590224222,
    0.8062805668937028,
    0.8258884700775575,
    0.8362203013823344,
    0.83614876056585,
    0.8424833532206351,
    0.8396767967289502,
    0.8438124305308619,
    0.8133878472125365,
    0.8656596086527388,
    0.832897111336741,
    0.8738438568924811,
    0.8676619884834866,
    0.8582775957264475,
    0.8549342309830057,
    0.8590960632458472,
    0.8449745721236123
  ],
  "val_loss": [
    0.6387528379758199,
    0.6164061427116394,
    0.6111591458320618,
    0.6078236103057861,
    0.5997350215911865,
    0.5942734082539877,
    0.5878575642903646,
    0.5685513416926066,
    0.5517723759015402,
    0.53544549147288,
    0.5195999145507812,
    0.5080524285634359,
    0.49837492903073627,
    0.48572593927383423,
    0.47901715834935504,
    0.4788913627465566,
    0.4870356321334839,
    0.47666844725608826,
    0.47347474098205566,
    0.4729274809360504,
    0.4726391037305196,
    0.4718160430590312,
    0.46943291028340656,
    0.4648722509543101,
    0.46332143743832904,
    0.46408214171727497,
    0.4647868772347768,
    0.46510815620422363,
    0.4651906192302704,
    0.46524739265441895
  ],
  "val_accuracy": [
    0.5432098765432098,
    0.5925925925925926,
    0.4691358024691358,
    0.5925925925925926,
    0.5925925925925926,
    0.6172839506172839,
    0.6790123456790124,
    0.691358024691358,
    0.6790123456790124,
    0.7160493827160493,
    0.7160493827160493,
    0.7530864197530864,
    0.7283950617283951,
    0.7407407407407407,
    0.7283950617283951,
    0.7530864197530864,
    0.7407407407407407,
    0.7654320987654321,
    0.7530864197530864,
    0.7530864197530864,
    0.7654320987654321,
    0.7530864197530864,
    0.7654320987654321,
    0.7777777777777778,
    0.7777777777777778,
    0.7777777777777778,
    0.7654320987654321,
    0.7654320987654321,
    0.7654320987654321,
    0.7654320987654321
  ],
  "val_precision": [
    0.5432098765432098,
    0.5733333333333334,
    0.5172413793103449,
    0.5733333333333334,
    0.6341463414634146,
    0.6274509803921569,
    0.8461538461538461,
    0.7435897435897436,
    0.725,
    0.7560975609756098,
    0.7441860465116279,
    0.7857142857142857,
    0.775,
    0.7555555555555555,
    0.7619047619047619,
    0.7857142857142857,
    0.8108108108108109,
    0.8048780487804879,
    0.7727272727272727,
    0.7727272727272727,
    0.8048780487804879,
    0.8157894736842105,
    0.8205128205128205,
    0.8095238095238095,
    0.8095238095238095,
    0.8095238095238095,
    0.8048780487804879,
    0.8048780487804879,
    0.8048780487804879,
    0.8048780487804879
  ],
  "val_recall": [
    1.0,
    0.9772727272727273,
    0.3409090909090909,
    0.9772727272727273,
    0.5909090909090909,
    0.7272727272727273,
    0.5,
    0.6590909090909091,
    0.6590909090909091,
    0.7045454545454546,
    0.7272727272727273,
    0.75,
    0.7045454545454546,
    0.7727272727272727,
    0.7272727272727273,
    0.75,
    0.6818181818181818,
    0.75,
    0.7727272727272727,
    0.7727272727272727,
    0.75,
    0.7045454545454546,
    0.7272727272727273,
    0.7727272727272727,
    0.7727272727272727,
    0.7727272727272727,
    0.75,
    0.75,
    0.75,
    0.75
  ],