{
  "train_loss": [
    0.9785445332527161,
    0.9275198101997375,
    0.9018293142318725,
    0.8854064106941223,
    0.8092383742332458,
    0.7354243755340576,
    0.6007610917091369,
    0.538027161359787,
    0.45687838196754454,
    0.3918096899986267,
    0.33800135254859925,
    0.2842161417007446,
    0.24667169749736786,
    0.22390808463096618,
    0.17171927839517592,
    0.20151169449090958,
    0.1985110506415367,
    0.1530132457613945,
    0.15136054456233977,
    0.16665731370449066,
    0.16934680193662643,
    0.1474200241267681,
    0.19218575805425644,
    0.1783088929951191,
    0.11623483896255493,
    0.1567279614508152,
    0.16231233030557632,
    0.12465098574757576,
    0.14925623163580895,
    0.15478343814611434
  ],
  "train_accuracy": [
    0.6474358974358975,
    0.6089743589743589,
    0.6410256410256411,
    0.5769230769230769,
    0.717948717948718,
    0.8269230769230769,
    0.8461538461538461,
    0.8653846153846154,
    0.8653846153846154,
    0.8782051282051282,
    0.8974358974358975,
    0.9294871794871795,
    0.9358974358974359,
    0.9294871794871795,
    0.9743589743589743,
    0.9487179487179487,
    0.9487179487179487,
    0.9551282051282052,
    0.9615384615384616,
    0.9487179487179487,
    0.9423076923076923,
    0.9487179487179487,
    0.9294871794871795,
    0.9487179487179487,
    0.9807692307692307,
    0.9551282051282052,
    0.9615384615384616,
    0.9807692307692307,
    0.9551282051282052,
    0.967948717948718
  ],
  "train_precision": [
    0.25,
    0.35294117647058826,
    0.45901639344262296,
    0.41379310344827586,
    0.5421686746987951,
    0.7307692307692307,
    0.7454545454545455,
    0.7419354838709677,
    0.734375,
    0.75,
    0.7777777777777778,
    0.8448275862068966,
    0.8596491228070176,
    0.8333333333333334,
    0.9272727272727272,
    0.8909090909090909,
    0.8909090909090909,
    0.8928571428571429,
    0.9245283018867925,
    0.9056603773584906,
    0.875,
    0.864406779661017,
    0.8448275862068966,
    0.864406779661017,
    0.9444444444444444,
    0.8928571428571429,
    0.9411764705882353,
    0.9444444444444444,
    0.9074074074074074,
    0.9423076923076923
  ],
  "train_recall": [
    0.0392156862745098,
    0.23529411764705882,
    0.5490196078431373,
    0.7058823529411765,
    0.8823529411764706,
    0.7450980392156863,
    0.803921568627451,
    0.9019607843137255,
    0.9215686274509803,
    0.9411764705882353,
    0.9607843137254902,
    0.9607843137254902,
    0.9607843137254902,
    0.9803921568627451,
    1.0,
    0.9607843137254902,
    0.9607843137254902,
    0.9803921568627451,
    0.9607843137254902,
    0.9411764705882353,
    0.9607843137254902,
    1.0,
    0.9607843137254902,
    1.0,
    1.0,
    0.9803921568627451,
    0.9411764705882353,
    1.0,
    0.9607843137254902,
    0.9607843137254902
  ],
  "train_f1": [
    0.06779661016949153,
    0.2823529411764706,
    0.5,
    0.5217391304347826,
    0.6716417910447762,
    0.7378640776699029,
    0.7735849056603774,
    0.8141592920353983,
    0.8173913043478261,
    0.8347826086956521,
    0.8596491228070176,
    0.8990825688073395,
    0.9074074074074074,
    0.9009009009009009,
    0.9622641509433962,
    0.9245283018867925,
    0.9245283018867925,
    0.9345794392523364,
    0.9423076923076923,
    0.9230769230769231,
    0.9158878504672897,
    0.9272727272727272,
    0.8990825688073395,
    0.9272727272727272,
    0.9714285714285714,
    0.9345794392523364,
    0.9411764705882353,
    0.9714285714285714,
    0.9333333333333333,
    0.9514563106796117
  ],
  "train_roc_auc": [
    0.46330532212885156,
    0.5533146591970122,
    0.6298786181139122,
    0.6670401493930906,
    0.8110177404295051,
    0.8801120448179272,
    0.9353874883286648,
    0.9303454715219421,
    0.9555555555555555,
    0.9639589169000934,
    0.9729225023342669,
    0.9777777777777777,
    0.9854341736694678,
    0.9854341736694678,
    0.9927170868347339,
    0.9839402427637722,
    0.9895424836601308,
    0.9936507936507937,
    0.9930905695611578,
    0.9921568627450981,
    0.9906629318394025,
    0.9947712418300654,
    0.9893557422969187,
    0.9837535014005602,
    0.9934640522875817,
    0.992530345471522,
    0.9910364145658264,
    0.9929038281979459,
    0.9936507936507937,
    0.9906629318394025
  ],
  "train_pr_auc": [
    0.3033762485328749,
    0.3698919057590503,
    0.4418327951774037,
    0.47312754974116206,
    0.6515250499219489,
    0.7979650918576989,
    0.8850350747986435,
    0.8653503085907531,
    0.9167578771542395,
    0.9196926245494476,
    0.9403982453448696,
    0.952137732612517,
    0.9699568323505514,
    0.9542106381185418,
    0.9801209645438611,
    0.9271623504548864,
    0.9786167650985557,
    0.9860322698312223,
    0.9847769440834755,
    0.9824495472903645,
    0.9807543867169571,
    0.9876699665605577,
    0.9781076601142559,
    0.9434902379682579,
    0.9798700180415971,
    0.9835253373002042,
    0.9799851828477713,
    0.9820897367894739,
    0.9889230435063383,
    0.9764294933483949
  ],
  "val_loss": [
    0.8798415958881378,
    0.8777333796024323,
    0.8639635443687439,
    0.8469957411289215,
    0.7677375972270966,
    0.6881115138530731,
    0.6199429035186768,
    0.5732637941837311,
    0.5342620313167572,
    0.5052874237298965,
    0.45198264718055725,
    0.42829227447509766,
    0.4355614483356476,
    0.3878760039806366,
    0.39381417632102966,
    0.3862113356590271,
    0.39500829577445984,
    0.384222075343132,
    0.404120534658432,
    0.38713356852531433,
    0.4042576551437378,
    0.3968707025051117,
    0.38428910076618195,
    0.3826856315135956,
    0.38986799120903015,
    0.3959873765707016,
    0.3976217061281204,
    0.3967568129301071,
    0.3962746411561966,
    0.39620472490787506
  ],
  "val_accuracy": [
    0.725,
    0.575,
    0.625,
    0.6,
    0.8,
    0.8,
    0.725,
    0.75,
    0.725,
    0.8,
    0.875,
    0.85,
    0.9,
    0.9,
    0.875,
    0.9,
    0.925,
    0.9,
    0.875,
    0.925,
    0.925,
    0.925,
    0.925,
    0.9,
    0.875,
    0.875,
    0.875,
    0.875,
    0.875,
    0.875
  ],
  "val_precision": [
    0.0,
    0.0,
    0.4,
    0.4074074074074074,
    0.6,
    0.6,
    0.5,
    0.5263157894736842,
    0.5,
    0.5882352941176471,
    0.7142857142857143,
    0.7272727272727273,
    0.7333333333333333,
    0.7692307692307693,
    0.75,
    0.7692307692307693,
    0.7857142857142857,
    0.7692307692307693,
    0.75,
    0.7857142857142857,
    0.7857142857142857,
    0.7857142857142857,
    0.7857142857142857,
    0.7692307692307693,
    0.75,
    0.75,
    0.75,
    0.75,
    0.75,
    0.75
  ],
  "val_recall": [
    0.0,
    0.0,
    0.7272727272727273,
    1.0,
    0.8181818181818182,
    0.8181818181818182,
    0.8181818181818182,
    0.9090909090909091,
    0.8181818181818182,
    0.9090909090909091,
    0.9090909090909091,
    0.7272727272727273,
    1.0,
    0.9090909090909091,
    0.8181818181818182,
    0.9090909090909091,
    1.0,
    0.9090909090909091,
    0.8181818181818182,
    1.0,
    1.0,
    1.0,
    1.0,
    0.9090909090909091,
    0.8181818181818182,
    0.8181818181818182,
    0.8181818181818182,
    0.8181818181818182,
    0.8181818181818182,
    0.8181818181818182
  ],
  "val_f1": [
    0.0,
    0.0,
    0.5161290322580645,
    0.5789473684210527,
    0.6923076923076923,
    0.6923076923076923,
    0.6206896551724138,
    0.6666666666666666,
    0.6206896551724138,
    0.7142857142857143,
    0.8,
    0.7272727272727273,
    0.8461538461538461,
    0.8333333333333334,
    0.782608695652174,
    0.8333333333333334,
    0.88,
    0.8333333333333334,
    0.782608695652174,
    0.88,
    0.88,
    0.88,
    0.88,
    0.8333333333333334,
    0.782608695652174,
    0.782608695652174,
    0.782608695652174,
    0.782608695652174,
    0.782608695652174,
    0.782608695652174
  ],