{
  "train_loss": [
    0.6456369866024364,
    0.6284497000954368,
    0.6147462021220814,
    0.6239190155809576,
    0.6121957843953912,
    0.6011221056634729,
    0.584260880947113,
    0.5924988876689564,
    0.555682816288688,
    0.5829623097723181,
    0.5454282300038771,
    0.5405089963566173,
    0.5061101371591742,
    0.49833257631822064,
    0.5247706879268993,
    0.4949396415190263,
    0.5104811841791327,
    0.5246056047352877,
    0.47590397975661536,
    0.46214149215004663,
    0.4754038615660234,
    0.44465337016365747,
    0.44206101379611273,
    0.45612709630619397,
    0.4692081429741599,
    0.4923582808537917,
    0.4650368771769784,
    0.4534742547707124,
    0.48417355526577344,
    0.47200505300001666
  ],
  "train_accuracy": [
    0.4660493827160494,
    0.45987654320987653,
    0.5401234567901234,
    0.49074074074074076,
    0.49382716049382713,
    0.5802469135802469,
    0.6080246913580247,
    0.6419753086419753,
    0.6574074074074074,
    0.6790123456790124,
    0.6635802469135802,
    0.7191358024691358,
    0.7006172839506173,
    0.6882716049382716,
    0.6882716049382716,
    0.7129629629629629,
    0.7006172839506173,
    0.7253086419753086,
    0.7345679012345679,
    0.7376543209876543,
    0.75,
    0.7654320987654321,
    0.7746913580246914,
    0.7654320987654321,
    0.7407407407407407,
    0.7407407407407407,
    0.7283950617283951,
    0.7438271604938271,
    0.7345679012345679,
    0.7469135802469136
  ],
  "train_precision": [
    0.6875,
    0.5149253731343284,
    0.5986842105263158,
    0.5614035087719298,
    0.6119402985074627,
    0.5823754789272031,
    0.7203389830508474,
    0.6981132075471698,
    0.7428571428571429,
    0.6884422110552764,
    0.7397260273972602,
    0.7156862745098039,
    0.8306451612903226,
    0.6857142857142857,
    0.756578947368421,
    0.76875,
    0.7411764705882353,
    0.7884615384615384,
    0.743455497382199,
    0.7582417582417582,
    0.7987804878048781,
    0.8121212121212121,
    0.797752808988764,
    0.7845303867403315,
    0.7714285714285715,
    0.7777777777777778,
    0.782608695652174,
    0.7962962962962963,
    0.7888198757763976,
    0.7771428571428571
  ],
  "train_recall": [
    0.061452513966480445,
    0.3854748603351955,
    0.5083798882681564,
    0.3575418994413408,
    0.22905027932960895,
    0.8491620111731844,
    0.4748603351955307,
    0.6201117318435754,
    0.5810055865921788,
    0.7653631284916201,
    0.6033519553072626,
    0.8156424581005587,
    0.5754189944134078,
    0.8044692737430168,
    0.6424581005586593,
    0.6871508379888268,
    0.7039106145251397,
    0.6871508379888268,
    0.7932960893854749,
    0.770949720670391,
    0.7318435754189944,
    0.7486033519553073,
    0.7932960893854749,
    0.7932960893854749,
    0.7541899441340782,
    0.7430167597765364,
    0.7039106145251397,
    0.7206703910614525,
    0.7094972067039106,
    0.7597765363128491
  ],
  "train_f1": [
    0.11282051282051282,
    0.44089456869009586,
    0.5498489425981873,
    0.43686006825938567,
    0.3333333333333333,
    0.6909090909090909,
    0.5723905723905723,
    0.6568047337278107,
    0.6520376175548589,
    0.7248677248677249,
    0.6646153846153846,
    0.762402088772846,
    0.6798679867986799,
    0.7403598971722365,
    0.6948640483383686,
    0.7256637168141593,
    0.7220630372492837,
    0.7343283582089553,
    0.7675675675675676,
    0.7645429362880887,
    0.7638483965014577,
    0.7790697674418605,
    0.7955182072829131,
    0.7888888888888889,
    0.7627118644067796,
    0.76,
    0.7411764705882353,
    0.7565982404692082,
    0.7470588235294118,
    0.768361581920904
  ],
  "train_roc_auc": [
    0.4803698709304566,
    0.4668849932575613,
    0.5613947216335966,
    0.5069928722789443,
    0.5964939318050473,
    0.608900019264111,
    0.6547871315738778,
    0.6944712001541128,
    0.726025813908688,
    0.712155654016567,
    0.7360816798304758,
    0.7720285108842226,
    0.7897129647466768,
    0.7837025621267578,
    0.7663263340396842,
    0.7929878636100944,
    0.7777306877287614,
    0.8053168946253131,
    0.8003852822192257,
    0.8186091311885958,
    0.8136389905605856,
    0.829474089770757,
    0.8187632440762859,
    0.8212675785012523,
    0.8154112887690234,
    0.8149489501059526,
    0.7998073588903871,
    0.8088229628202657,
    0.8030822577538047,
    0.8002696975534579
  ],
  "train_pr_auc": [
    0.5558563857408788,
    0.5555341822853587,
    0.6042239744078142,
    0.5812211505456565,
    0.6082940988661917,
    0.6177387482086039,
    0.6993038167013264,
    0.7341729287857905,
    0.7447950883733332,
    0.7456304548375483,
    0.7660553343816099,
    0.808286075057832,
    0.8330349325940016,
    0.80652763226685,
    0.8155248653303143,
    0.8326638592114115,
    0.8200724330273832,
    0.8214250533345833,
    0.800411342641489,
    0.851267429783489,
    0.8376679260669948,
    0.8380107169034026,
    0.8383730011531134,
    0.848067197229316,
    0.834748437970795,
    0.833024656071962,
    0.8337797918028718,
    0.832471500431984,
    0.8418821997996088,
    0.8366973760698786
  ],
  "val_loss": [
    0.6343600749969482,
    0.6170158187548319,
    0.6123985846837362,
    0.6012714703877767,
    0.592847486337026,
    0.5838914513587952,
    0.5721008578936259,
    0.5486774245897929,
    0.5385799407958984,
    0.5242501000563303,
    0.5072243213653564,
    0.5441561043262482,
    0.49822425842285156,
    0.4637914299964905,
    0.4599103132883708,
    0.44935304919878644,
    0.4557809333006541,
    0.45101864139238995,
    0.44966237743695575,
    0.4503406782944997,
    0.44187983870506287,
    0.43996526797612506,
    0.43768928448359173,
    0.4364081025123596,
    0.43706387281417847,
    0.43798232078552246,
    0.438800444205602,
    0.4389263391494751,
    0.4387308955192566,
    0.43872766693433124
  ],
  "val_accuracy": [
    0.4567901234567901,
    0.4691358024691358,
    0.5185185185185185,
    0.5925925925925926,
    0.6790123456790124,
    0.691358024691358,
    0.6419753086419753,
    0.7283950617283951,
    0.7654320987654321,
    0.7160493827160493,
    0.7530864197530864,
    0.6666666666666666,
    0.7407407407407407,
    0.8024691358024691,
    0.7901234567901234,
    0.8271604938271605,
    0.8024691358024691,
    0.8395061728395061,
    0.8395061728395061,
    0.8148148148148148,
    0.8271604938271605,
    0.8271604938271605,
    0.8271604938271605,
    0.8271604938271605,
    0.8271604938271605,
    0.8271604938271605,
    0.8271604938271605,
    0.8271604938271605,
    0.8271604938271605,
    0.8271604938271605
  ],
  "val_precision": [
    0.0,
    0.5076923076923077,
    1.0,
    0.6896551724137931,
    0.6551724137931034,
    0.7567567567567568,
    0.8260869565217391,
    0.7291666666666666,
    0.7551020408163265,
    0.7837837837837838,
    0.7307692307692307,
    1.0,
    0.7090909090909091,
    0.8043478260869565,
    0.8461538461538461,
    0.8409090909090909,
    0.85,
    0.8444444444444444,
    0.8444444444444444,
    0.8536585365853658,
    0.8409090909090909,
    0.8409090909090909,
    0.8409090909090909,
    0.8409090909090909,
    0.8409090909090909,
    0.8409090909090909,
    0.8409090909090909,
    0.8409090909090909,
    0.8409090909090909,
    0.8409090909090909
  ],