{
  "train_loss": [
    0.7119647101922468,
    0.6815633123571222,
    0.637511437589472,
    0.6155016368085687,
    0.6160066181963141,
    0.6138887134465304,
    0.6135716980153864,
    0.6060929786075245,
    0.6188454302874479,
    0.5872672254388983,
    0.57570326870138,
    0.5929941805926237,
    0.5494689616290006,
    0.5835405831987207,
    0.5397233448245309,
    0.5330752730369568,
    0.5276955176483501,
    0.49259403347969055,
    0.5057604177431627,
    0.5224893364039335,
    0.4946089332753962,
    0.5062318254600872,
    0.5022439198060469,
    0.5132921798662706,
    0.47827025977048004,
    0.5335008149797266,
    0.5255763937126506,
    0.4896862046285109,
    0.506958238103173,
    0.503776414827867
  ],
  "train_accuracy": [
    0.44753086419753085,
    0.44753086419753085,
    0.44753086419753085,
    0.5185185185185185,
    0.558641975308642,
    0.6049382716049383,
    0.6018518518518519,
    0.5679012345679012,
    0.6172839506172839,
    0.6388888888888888,
    0.654320987654321,
    0.6265432098765432,
    0.6882716049382716,
    0.6975308641975309,
    0.6944444444444444,
    0.6790123456790124,
    0.7006172839506173,
    0.7469135802469136,
    0.7160493827160493,
    0.6851851851851852,
    0.7407407407407407,
    0.7160493827160493,
    0.7407407407407407,
    0.7191358024691358,
    0.7407407407407407,
    0.7376543209876543,
    0.7222222222222222,
    0.7407407407407407,
    0.7469135802469136,
    0.7191358024691358
  ],
  "train_precision": [
    0.0,
    0.0,
    0.0,
    0.6575342465753424,
    0.5666666666666667,
    0.5882352941176471,
    0.6288659793814433,
    0.6065573770491803,
    0.627906976744186,
    0.7348484848484849,
    0.7248322147651006,
    0.7543859649122807,
    0.75,
    0.7237569060773481,
    0.7564102564102564,
    0.711864406779661,
    0.7411764705882353,
    0.7771428571428571,
    0.7543859649122807,
    0.7692307692307693,
    0.768361581920904,
    0.7351351351351352,
    0.7844311377245509,
    0.7682926829268293,
    0.7745664739884393,
    0.7764705882352941,
    0.7431693989071039,
    0.7714285714285715,
    0.7771428571428571,
    0.75
  ],
  "train_recall": [
    0.0,
    0.0,
    0.0,
    0.2681564245810056,
    0.8547486033519553,
    0.9497206703910615,
    0.6815642458100558,
    0.6201117318435754,
    0.7541899441340782,
    0.5418994413407822,
    0.6033519553072626,
    0.48044692737430167,
    0.6536312849162011,
    0.7318435754189944,
    0.659217877094972,
    0.7039106145251397,
    0.7039106145251397,
    0.7597765363128491,
    0.7206703910614525,
    0.6145251396648045,
    0.7597765363128491,
    0.7597765363128491,
    0.7318435754189944,
    0.7039106145251397,
    0.7486033519553073,
    0.7374301675977654,
    0.7597765363128491,
    0.7541899441340782,
    0.7597765363128491,
    0.7374301675977654
  ],
  "train_f1": [
    0.0,
    0.0,
    0.0,
    0.38095238095238093,
    0.6815144766146993,
    0.7264957264957265,
    0.6541554959785523,
    0.6132596685082873,
    0.6852791878172588,
    0.6237942122186495,
    0.6585365853658537,
    0.5870307167235495,
    0.6985074626865672,
    0.7277777777777777,
    0.7044776119402985,
    0.7078651685393258,
    0.7220630372492837,
    0.768361581920904,
    0.7371428571428571,
    0.6832298136645962,
    0.7640449438202247,
    0.7472527472527473,
    0.7572254335260116,
    0.7346938775510204,
    0.7613636363636364,
    0.7564469914040115,
    0.7513812154696132,
    0.7627118644067796,
    0.768361581920904,
    0.7436619718309859
  ],
  "train_roc_auc": [
    0.5642072818339433,
    0.5255634752456173,
    0.5346946638412637,
    0.5670968984781353,
    0.5930649200539395,
    0.6008861491042189,
    0.5949913311500674,
    0.6043151608553265,
    0.656790599113851,
    0.6908880755153148,
    0.7112695049123483,
    0.6938162203814294,
    0.7502600654979774,
    0.7341937969562704,
    0.7423617800038529,
    0.7301868618763244,
    0.7470236948564823,
    0.7878636100943941,
    0.7946060489308419,
    0.7576960123290309,
    0.8047774995183972,
    0.770525910229243,
    0.7893276825274513,
    0.7877480254286265,
    0.7949142747062223,
    0.7966095164708148,
    0.7726064342130611,
    0.79171643228665,
    0.7987285686765556,
    0.7790406472741283
  ],
  "train_pr_auc": [
    0.6182007702829546,
    0.6141191980757462,
    0.6009962308657033,
    0.6236975714418334,
    0.6549334309610475,
    0.6273470574855862,
    0.6228058436214743,
    0.6646532482889915,
    0.6961700394684827,
    0.7260845253207144,
    0.7410200706391727,
    0.7127721853023306,
    0.7721791737181426,
    0.7255581331513727,
    0.725709586099672,
    0.7177095813061898,
    0.7448209083017024,
    0.7929782168177432,
    0.8193705408970633,
    0.7464903944224682,
    0.7863129877666823,
    0.7546813035876462,
    0.7714660478196715,
    0.7927356034069444,
    0.7848902435696709,
    0.7836292139185721,
    0.7840904737658354,
    0.7465638613144667,
    0.7807785410142014,
    0.7691109564843501
  ],
  "val_loss": [
    0.6962921818097433,
    0.6495768229166666,
    0.6192930142084757,
    0.6097891529401144,
    0.6067241827646891,
    0.60356605052948,
    0.6007668972015381,
    0.5948753754297892,
    0.5858033696810404,
    0.5784112413724264,
    0.5548255840937296,
    0.5516108274459839,
    0.5230013728141785,
    0.5071609218915304,
    0.5007665952046713,
    0.4820905526479085,
    0.47443334261576336,
    0.45353469252586365,
    0.464034100373586,
    0.43865983684857685,
    0.4278186559677124,
    0.4297243257363637,
    0.43088271220525104,
    0.4313945571581523,
    0.4260028103987376,
    0.42295557260513306,
    0.4219997723897298,
    0.4216394821802775,
    0.4216010967890422,
    0.4216092924276988
  ],
  "val_accuracy": [
    0.4567901234567901,
    0.4567901234567901,
    0.4567901234567901,
    0.5925925925925926,
    0.5432098765432098,
    0.6296296296296297,
    0.6172839506172839,
    0.6666666666666666,
    0.6666666666666666,
    0.7160493827160493,
    0.7160493827160493,
    0.654320987654321,
    0.7160493827160493,
    0.7283950617283951,
    0.7654320987654321,
    0.7407407407407407,
    0.7654320987654321,
    0.7407407407407407,
    0.7283950617283951,
    0.7777777777777778,
    0.7901234567901234,
    0.8148148148148148,
    0.8148148148148148,
    0.8148148148148148,
    0.8148148148148148,
    0.8148148148148148,
    0.8148148148148148,
    0.8148148148148148,
    0.8148148148148148,
    0.8148148148148148
  ],
  "val_precision": [
    0.0,
    0.0,
    0.0,
    0.5932203389830508,
    0.5432098765432098,
    0.6029411764705882,
    0.6444444444444445,
    0.6491228070175439,
    0.660377358490566,
    0.8181818181818182,
    0.8,
    0.7857142857142857,
    0.723404255319149,
    0.7391304347826086,
    0.8205128205128205,
    0.7254901960784313,
    0.8048780487804879,
    0.7446808510638298,
    0.7894736842105263,
    0.8095238095238095,
    0.7647058823529411,
    0.8222222222222222,
    0.8222222222222222,
    0.8222222222222222,
    0.8222222222222222,
    0.8085106382978723,
    0.8085106382978723,
    0.8085106382978723,
    0.8085106382978723,
    0.8085106382978723
  ],
  "val_recall": [
    0.0,
    0.0,
    0.0,
    0.7954545454545454,
    1.0,
    0.9318181818181818,
    0.6590909090909091,
    0.8409090909090909,
    0.7954545454545454,
    0.6136363636363636,
    0.6363636363636364,
    0.5,
    0.7727272727272727,
    0.7727272727272727,
    0.7272727272727273,
    0.8409090909090909,
    0.75,
    0.7954545454545454,
    0.6818181818181818,
    0.7727272727272727,
    0.8863636363636364,
    0.8409090909090909,
    0.8409090909090909,
    0.8409090909090909,
    0.8409090909090909,
    0.8636363636363636,
    0.8636363636363636,
    0.8636363636363636,
    0.8636363636363636,
    0.8636363636363636
  ],