{
  "train_loss": [
    1.0869181901216507,
    0.9010174125432968,
    0.8390909656882286,
    0.7724836841225624,
    0.7469472214579582,
    0.6863549575209618,
    0.6689493581652641,
    0.5699990652501583,
    0.5120152272284031,
    0.48093264549970627,
    0.35861421190202236,
    0.3922013081610203,
    0.3390717413276434,
    0.3252298552542925,
    0.3053741902112961,
    0.27060304023325443,
    0.25844940170645714,
    0.31158798933029175,
    0.20076701138168573,
    0.2096908614039421,
    0.22413520701229572,
    0.24946003500372171,
    0.20859819371253252,
    0.21759812254458666,
    0.17822322435677052,
    0.18032014090567827,
    0.20959389675408602,
    0.22714221151545644,
    0.2418702058494091,
    0.20911610778421164
  ],
  "train_accuracy": [
    0.3360655737704918,
    0.45491803278688525,
    0.7090163934426229,
    0.7377049180327869,
    0.7254098360655737,
    0.7418032786885246,
    0.7827868852459017,
    0.819672131147541,
    0.8483606557377049,
    0.8565573770491803,
    0.9016393442622951,
    0.8770491803278688,
    0.9057377049180327,
    0.9057377049180327,
    0.9221311475409836,
    0.9262295081967213,
    0.9221311475409836,
    0.9057377049180327,
    0.9426229508196722,
    0.9426229508196722,
    0.9385245901639344,
    0.930327868852459,
    0.930327868852459,
    0.9385245901639344,
    0.9426229508196722,
    0.9508196721311475,
    0.9426229508196722,
    0.9385245901639344,
    0.9344262295081968,
    0.9344262295081968
  ],
  "train_precision": [
    0.3305785123966942,
    0.37320574162679426,
    0.5529411764705883,
    0.5952380952380952,
    0.5528455284552846,
    0.5752212389380531,
    0.651685393258427,
    0.6914893617021277,
    0.7415730337078652,
    0.7368421052631579,
    0.8111111111111111,
    0.7604166666666666,
    0.8131868131868132,
    0.8,
    0.8505747126436781,
    0.8297872340425532,
    0.8279569892473119,
    0.8607594936708861,
    0.8666666666666667,
    0.8586956521739131,
    0.8823529411764706,
    0.8620689655172413,
    0.8539325842696629,
    0.8651685393258427,
    0.8586956521739131,
    0.8777777777777778,
    0.875,
    0.8823529411764706,
    0.872093023255814,
    0.8636363636363636
  ],
  "train_recall": [
    1.0,
    0.975,
    0.5875,
    0.625,
    0.85,
    0.8125,
    0.725,
    0.8125,
    0.825,
    0.875,
    0.9125,
    0.9125,
    0.925,
    0.95,
    0.925,
    0.975,
    0.9625,
    0.85,
    0.975,
    0.9875,
    0.9375,
    0.9375,
    0.95,
    0.9625,
    0.9875,
    0.9875,
    0.9625,
    0.9375,
    0.9375,
    0.95
  ],
  "train_f1": [
    0.4968944099378882,
    0.5397923875432526,
    0.5696969696969697,
    0.6097560975609756,
    0.6699507389162561,
    0.6735751295336787,
    0.6863905325443787,
    0.7471264367816092,
    0.7810650887573964,
    0.8,
    0.8588235294117647,
    0.8295454545454546,
    0.8654970760233918,
    0.8685714285714285,
    0.8862275449101796,
    0.896551724137931,
    0.8901734104046243,
    0.8553459119496856,
    0.9176470588235294,
    0.9186046511627907,
    0.9090909090909091,
    0.8982035928143712,
    0.8994082840236687,
    0.9112426035502958,
    0.9186046511627907,
    0.9294117647058824,
    0.9166666666666666,
    0.9090909090909091,
    0.9036144578313253,
    0.9047619047619048
  ],
  "train_roc_auc": [
    0.628125,
    0.7148628048780489,
    0.7502286585365853,
    0.8398628048780488,
    0.8392530487804878,
    0.8600609756097561,
    0.8630335365853659,
    0.9132621951219513,
    0.926295731707317,
    0.9301829268292683,
    0.9689786585365854,
    0.9533536585365854,
    0.9681402439024391,
    0.9668445121951219,
    0.9756859756097561,
    0.979954268292683,
    0.9786585365853658,
    0.9782012195121951,
    0.9894817073170732,
    0.9888719512195122,
    0.9844512195121952,
    0.9801829268292683,
    0.9891006097560976,
    0.9862042682926828,
    0.9913871951219513,
    0.9919969512195121,
    0.9853658536585366,
    0.9826219512195122,
    0.9839176829268292,
    0.9894817073170732
  ],
  "train_pr_auc": [
    0.41299927701258143,
    0.5202556023719412,
    0.585423999300716,
    0.6700183318473559,
    0.7031937476161209,
    0.7258344195960079,
    0.7146147171346753,
    0.7914437327919215,
    0.8228067257126209,
    0.84406245624254,
    0.9329585669082037,
    0.9088340200219496,
    0.9340981260734373,
    0.9285551273699059,
    0.9471337793103387,
    0.9639669310108021,
    0.9469980356199934,
    0.9587577264901604,
    0.977688684861306,
    0.9779686352780748,
    0.9702739355602062,
    0.9713088964613363,
    0.9786943569209716,
    0.9720169831158948,
    0.9813385702293541,
    0.983483347126106,
    0.9708216326781746,
    0.9596274099092857,
    0.9664519576821786,
    0.9780512403301184
  ],
  "val_loss": [
    0.9322681725025177,
    0.8218482434749603,
    0.8108139336109161,
    0.6926743686199188,
    0.6154102385044098,
    0.5765642076730728,
    0.5257845968008041,
    0.4371297210454941,
    0.32057659327983856,
    0.28111276775598526,
    0.19521214067935944,
    0.16648589819669724,
    0.14380843564867973,
    0.12197479605674744,
    0.11637172475457191,
    0.09733868390321732,
    0.09097900241613388,
    0.08807240426540375,
    0.07926046662032604,
    0.07131724618375301,
    0.0677844937890768,
    0.0657473225146532,
    0.06443271785974503,
    0.06281555444002151,
    0.06110217422246933,
    0.05978672206401825,
    0.05931566655635834,
    0.05917584337294102,
    0.059104375541210175,
    0.05907582864165306
  ],
  "val_accuracy": [
    0.3548387096774194,
    0.7903225806451613,
    0.7903225806451613,
    0.7903225806451613,
    0.8709677419354839,
    0.8870967741935484,
    0.8870967741935484,
    0.8870967741935484,
    0.967741935483871,
    0.9354838709677419,
    0.9838709677419355,
    0.9838709677419355,
    0.9838709677419355,
    0.9838709677419355,
    0.9838709677419355,
    0.9838709677419355,
    0.9838709677419355,
    0.9838709677419355,
    0.9838709677419355,
    0.9838709677419355,
    0.9838709677419355,
    0.9838709677419355,
    0.9838709677419355,
    0.9838709677419355,
    0.9838709677419355,
    0.9838709677419355,
    0.9838709677419355,
    0.9838709677419355,
    0.9838709677419355,
    0.9838709677419355
  ],
  "val_precision": [
    0.3548387096774194,
    0.6956521739130435,
    0.8461538461538461,
    0.7368421052631579,
    0.75,
    0.8571428571428571,
    0.8947368421052632,
    0.8947368421052632,
    0.9166666666666666,
    0.95,
    0.9565217391304348,
    0.9565217391304348,
    0.9565217391304348,
    0.9565217391304348,
    0.9565217391304348,
    0.9565217391304348,
    0.9565217391304348,
    0.9565217391304348,
    0.9565217391304348,
    0.9565217391304348,
    0.9565217391304348,
    0.9565217391304348,
    0.9565217391304348,
    0.9565217391304348,
    0.9565217391304348,
    0.9565217391304348,
    0.9565217391304348,
    0.9565217391304348,
    0.9565217391304348,
    0.9565217391304348
  ],
  "val_recall": [
    1.0,
    0.7272727272727273,
    0.5,
    0.6363636363636364,
    0.9545454545454546,
    0.8181818181818182,
    0.7727272727272727,
    0.7727272727272727,
    1.0,
    0.8636363636363636,
    1.0,
    1.0,
    1.0,
    1.0,
    1.0,
    1.0,
    1.0,
    1.0,
    1.0,
    1.0,
    1.0,
    1.0,
    1.0,
    1.0,
    1.0,
    1.0,
    1.0,
    1.0,
    1.0,
    1.0
  ],