{
  "train_loss": [
    0.9722005248069763,
    0.9648193478584289,
    0.9471609115600585,
    0.9324633121490479,
    0.930996572971344,
    0.9088108777999878,
    0.8749485850334168,
    0.832909107208252,
    0.7690454721450806,
    0.6848608136177063,
    0.6023798823356629,
    0.5302234888076782,
    0.47673897743225097,
    0.4160038650035858,
    0.3847015142440796,
    0.36352755427360534,
    0.30727696418762207,
    0.31918457746505735,
    0.2836354523897171,
    0.3072993576526642,
    0.30905617475509645,
    0.2688172280788422,
    0.31796773374080656,
    0.3144839346408844,
    0.2674421280622482,
    0.28546916842460635,
    0.293666473031044,
    0.2630581736564636
  ],
  "train_accuracy": [
    0.32051282051282054,
    0.3269230769230769,
    0.3525641025641026,
    0.532051282051282,
    0.6346153846153846,
    0.7051282051282052,
    0.7948717948717948,
    0.782051282051282,
    0.8333333333333334,
    0.8525641025641025,
    0.8782051282051282,
    0.8846153846153846,
    0.8846153846153846,
    0.8910256410256411,
    0.9166666666666666,
    0.9166666666666666,
    0.9358974358974359,
    0.9230769230769231,
    0.9358974358974359,
    0.9038461538461539,
    0.9230769230769231,
    0.9358974358974359,
    0.9230769230769231,
    0.9230769230769231,
    0.9487179487179487,
    0.9102564102564102,
    0.9230769230769231,
    0.9358974358974359
  ],
  "train_precision": [
    0.3225806451612903,
    0.3150684931506849,
    0.288135593220339,
    0.35135135135135137,
    0.4318181818181818,
    0.5806451612903226,
    0.7317073170731707,
    0.7575757575757576,
    0.7358490566037735,
    0.7592592592592593,
    0.7857142857142857,
    0.7704918032786885,
    0.746268656716418,
    0.7575757575757576,
    0.8166666666666667,
    0.8275862068965517,
    0.8596491228070176,
    0.8421052631578947,
    0.8596491228070176,
    0.8103448275862069,
    0.8421052631578947,
    0.847457627118644,
    0.819672131147541,
    0.8421052631578947,
    0.8909090909090909,
    0.8032786885245902,
    0.8305084745762712,
    0.8596491228070176
  ],
  "train_recall": [
    0.9803921568627451,
    0.9019607843137255,
    0.6666666666666666,
    0.5098039215686274,
    0.37254901960784315,
    0.35294117647058826,
    0.5882352941176471,
    0.49019607843137253,
    0.7647058823529411,
    0.803921568627451,
    0.8627450980392157,
    0.9215686274509803,
    0.9803921568627451,
    0.9803921568627451,
    0.9607843137254902,
    0.9411764705882353,
    0.9607843137254902,
    0.9411764705882353,
    0.9607843137254902,
    0.9215686274509803,
    0.9411764705882353,
    0.9803921568627451,
    0.9803921568627451,
    0.9411764705882353,
    0.9607843137254902,
    0.9607843137254902,
    0.9607843137254902,
    0.9607843137254902
  ],
  "train_f1": [
    0.4854368932038835,
    0.467005076142132,
    0.40236686390532544,
    0.416,
    0.4,
    0.43902439024390244,
    0.6521739130434783,
    0.5952380952380952,
    0.75,
    0.780952380952381,
    0.822429906542056,
    0.8392857142857143,
    0.847457627118644,
    0.8547008547008547,
    0.8828828828828829,
    0.8807339449541285,
    0.9074074074074074,
    0.8888888888888888,
    0.9074074074074074,
    0.8623853211009175,
    0.8888888888888888,
    0.9090909090909091,
    0.8928571428571429,
    0.8888888888888888,
    0.9245283018867925,
    0.875,
    0.8909090909090909,
    0.9074074074074074
  ],
  "train_roc_auc": [
    0.30830999066293185,
    0.32492997198879553,
    0.43716153127917834,
    0.5120448179271708,
    0.5648926237161532,
    0.7062558356676004,
    0.838655462184874,
    0.8786181139122315,
    0.9176470588235294,
    0.9323996265172736,
    0.9436041083099908,
    0.9604108309990663,
    0.9549953314659196,
    0.9699346405228758,
    0.9585434173669467,
    0.9647058823529412,
    0.9822595704948646,
    0.9809523809523809,
    0.9859943977591037,
    0.9813258636788048,
    0.9723622782446312,
    0.9781512605042016,
    0.9643323996265173,
    0.9740429505135387,
    0.9816993464052287,
    0.9811391223155929,
    0.9706816059757236,
    0.9822595704948645
  ],
  "train_pr_auc": [
    0.2391434554233451,
    0.24803641050464423,
    0.29745834090836026,
    0.3394213403289277,
    0.39274280034031833,
    0.5582480345936239,
    0.7864055360087321,
    0.763105963073287,
    0.8712504064233811,
    0.8446082596131744,
    0.899194115965657,
    0.9385795085059316,
    0.8986838546669804,
    0.9366026330609907,
    0.9217525211083418,
    0.9133272581774621,
    0.9588876534104911,
    0.9577280894535134,
    0.9630733416092656,
    0.9613741934721926,
    0.9437870689375818,
    0.9225502641377343,
    0.8848704995842791,
    0.9439440890219866,
    0.9506270169340326,
    0.9619446516820626,
    0.9129805720472258,
    0.963857789476879
  ],
  "val_loss": [
    0.9361671805381775,
    0.9171675145626068,
    0.8947177827358246,
    0.8816346228122711,
    0.8664322793483734,
    0.8511897921562195,
    0.8208678960800171,
    0.7837806642055511,
    0.7326322197914124,
    0.6672545969486237,
    0.6201403439044952,
    0.5903872549533844,
    0.5937685370445251,
    0.5396560728549957,
    0.5139587819576263,
    0.5066830515861511,
    0.5025677680969238,
    0.4807322919368744,
    0.4593040943145752,
    0.45550408959388733,
    0.4637463837862015,
    0.46913717687129974,
    0.4679769277572632,
    0.4603518545627594,
    0.46064820885658264,
    0.46080419421195984,
    0.4598560035228729,
    0.4589640349149704
  ],
  "val_accuracy": [
    0.275,
    0.275,
    0.4,
    0.65,
    0.75,
    0.825,
    0.825,
    0.825,
    0.85,
    0.85,
    0.8,
    0.725,
    0.775,
    0.875,
    0.875,
    0.875,
    0.875,
    0.875,
    0.875,
    0.875,
    0.875,
    0.875,
    0.875,
    0.875,
    0.875,
    0.875,
    0.875,
    0.875
  ],
  "val_precision": [
    0.275,
    0.275,
    0.3142857142857143,
    0.3333333333333333,
    0.6666666666666666,
    0.75,
    0.75,
    0.6666666666666666,
    0.6923076923076923,
    0.6923076923076923,
    0.5882352941176471,
    0.5,
    0.5555555555555556,
    0.7142857142857143,
    0.7142857142857143,
    0.7142857142857143,
    0.7142857142857143,
    0.7142857142857143,
    0.7142857142857143,
    0.7142857142857143,
    0.7142857142857143,
    0.7142857142857143,
    0.7142857142857143,
    0.7142857142857143,
    0.7142857142857143,
    0.7142857142857143,
    0.7142857142857143,
    0.7142857142857143
  ],
  "val_recall": [
    1.0,
    1.0,
    1.0,
    0.2727272727272727,
    0.18181818181818182,
    0.5454545454545454,
    0.5454545454545454,
    0.7272727272727273,
    0.8181818181818182,
    0.8181818181818182,
    0.9090909090909091,
    0.9090909090909091,
    0.9090909090909091,
    0.9090909090909091,
    0.9090909090909091,
    0.9090909090909091,
    0.9090909090909091,
    0.9090909090909091,
    0.9090909090909091,
    0.9090909090909091,
    0.9090909090909091,
    0.9090909090909091,
    0.9090909090909091,
    0.9090909090909091,
    0.9090909090909091,
    0.9090909090909091,
    0.9090909090909091,
    0.9090909090909091
  ],
  "val_f1": [
    0.43137254901960786,
    0.43137254901960786,
    0.4782608695652174,
    0.3,
    0.2857142857142857,
    0.631578947368421,
    0.631578947368421,
    0.6956521739130435,
    0.75,
    0.75,
    0.7142857142857143,
    0.6451612903225806,
    0.6896551724137931,
    0.8,
    0.8,
    0.8,
    0.8,
    0.8,
    0.8,
    0.8,
    0.8,
    0.8,
    0.8,
    0.8,
    0.8,
    0.8,
    0.8,
    0.8
  ],