{
  "train_loss": [
    1.0944611951708794,
    1.0689259395003319,
    0.9728418439626694,
    0.9824237078428268,
    0.9409279078245163,
    0.8852703869342804,
    0.8374608308076859,
    0.8203886151313782,
    0.7677404284477234,
    0.7893760725855827,
    0.7927633672952652,
    0.7141957096755505,
    0.7043097764253616,
    0.7095851376652718,
    0.674880925565958,
    0.6902203224599361,
    0.6568406336009502,
    0.6238509342074394,
    0.7119853384792805,
    0.6659806780517101,
    0.6201471239328384,
    0.7433065101504326,
    0.6704562194645405,
    0.6106511168181896,
    0.6018235832452774,
    0.6908899880945683,
    0.7509592548012733,
    0.6371158920228481,
    0.6219823807477951,
    0.6388995163142681
  ],
  "train_accuracy": [
    0.7458333333333333,
    0.7208333333333333,
    0.5916666666666667,
    0.5083333333333333,
    0.6333333333333333,
    0.7333333333333333,
    0.7333333333333333,
    0.7416666666666667,
    0.7833333333333333,
    0.7833333333333333,
    0.7125,
    0.7666666666666667,
    0.7916666666666666,
    0.7708333333333334,
    0.7958333333333333,
    0.7958333333333333,
    0.825,
    0.8083333333333333,
    0.8041666666666667,
    0.8,
    0.7875,
    0.7833333333333333,
    0.8083333333333333,
    0.8291666666666667,
    0.8375,
    0.8125,
    0.8041666666666667,
    0.8416666666666667,
    0.8291666666666667,
    0.8166666666666667
  ],
  "train_precision": [
    0.3333333333333333,
    0.21428571428571427,
    0.344,
    0.32335329341317365,
    0.3821138211382114,
    0.4766355140186916,
    0.4782608695652174,
    0.48514851485148514,
    0.5376344086021505,
    0.5421686746987951,
    0.45614035087719296,
    0.5157894736842106,
    0.5494505494505495,
    0.5208333333333334,
    0.5520833333333334,
    0.5595238095238095,
    0.6075949367088608,
    0.5730337078651685,
    0.5714285714285714,
    0.5617977528089888,
    0.5425531914893617,
    0.5402298850574713,
    0.5783132530120482,
    0.6071428571428571,
    0.6190476190476191,
    0.5921052631578947,
    0.573170731707317,
    0.6265060240963856,
    0.6097560975609756,
    0.5882352941176471
  ],
  "train_recall": [
    0.03389830508474576,
    0.05084745762711865,
    0.7288135593220338,
    0.9152542372881356,
    0.7966101694915254,
    0.864406779661017,
    0.9322033898305084,
    0.8305084745762712,
    0.847457627118644,
    0.7627118644067796,
    0.8813559322033898,
    0.8305084745762712,
    0.847457627118644,
    0.847457627118644,
    0.8983050847457628,
    0.7966101694915254,
    0.8135593220338984,
    0.864406779661017,
    0.8135593220338984,
    0.847457627118644,
    0.864406779661017,
    0.7966101694915254,
    0.8135593220338984,
    0.864406779661017,
    0.8813559322033898,
    0.7627118644067796,
    0.7966101694915254,
    0.8813559322033898,
    0.847457627118644,
    0.847457627118644
  ],
  "train_f1": [
    0.06153846153846154,
    0.0821917808219178,
    0.4673913043478261,
    0.4778761061946903,
    0.5164835164835165,
    0.6144578313253012,
    0.632183908045977,
    0.6125,
    0.6578947368421053,
    0.6338028169014085,
    0.6011560693641619,
    0.6363636363636364,
    0.6666666666666666,
    0.6451612903225806,
    0.6838709677419355,
    0.6573426573426573,
    0.6956521739130435,
    0.6891891891891891,
    0.6713286713286714,
    0.6756756756756757,
    0.6666666666666666,
    0.6438356164383562,
    0.676056338028169,
    0.7132867132867133,
    0.7272727272727273,
    0.6666666666666666,
    0.6666666666666666,
    0.7323943661971831,
    0.7092198581560284,
    0.6944444444444444
  ],
  "train_roc_auc": [
    0.6319880138589755,
    0.620844648375316,
    0.67918344414271,
    0.6756250585260792,
    0.7249742485251428,
    0.7882760558104691,
    0.8264818803258731,
    0.8055997752598558,
    0.8413709148796704,
    0.8298529824889972,
    0.8031650903642663,
    0.8335050098323813,
    0.8526079220900833,
    0.8533570559041108,
    0.8611293192246466,
    0.852982488997097,
    0.8758310703249368,
    0.8783593969472797,
    0.8448356587695477,
    0.8632830789399756,
    0.8687142990916753,
    0.8288229234947093,
    0.8612229609513999,
    0.8728345350688267,
    0.8872553609888567,
    0.8463339263976029,
    0.8487686112931923,
    0.881824140837157,
    0.8677778818241408,
    0.8598183350500984
  ],
  "train_pr_auc": [
    0.35149208154724426,
    0.302105163640934,
    0.38577768800619594,
    0.36944241806159844,
    0.4174209740781393,
    0.5039864587602163,
    0.546965869138053,
    0.4883690493096599,
    0.6242502288552703,
    0.5652495756254003,
    0.48883656325857344,
    0.5621325725129084,
    0.5510993859123426,
    0.6027285552342302,
    0.5761585548730072,
    0.6141231650843265,
    0.6352713680278484,
    0.6208410666432151,
    0.5846915533867496,
    0.5646074483351514,
    0.5779363503843788,
    0.5431868710042628,
    0.5349700925820151,
    0.6263650774924651,
    0.6544631832371897,
    0.5990432798911817,
    0.6114417325810048,
    0.6105377693206117,
    0.5977397907286812,
    0.6170992300834908
  ],
  "val_loss": [
    1.2317765057086945,
    1.0623353123664856,
    0.97258260846138,
    0.9347651600837708,
    0.9162904620170593,
    0.8563749194145203,
    0.8140524327754974,
    0.7843286991119385,
    0.7674492299556732,
    0.745271772146225,
    0.7243690490722656,
    0.7017159759998322,
    0.6829235255718231,
    0.6861945986747742,
    0.6555411070585251,
    0.6420294046401978,
    0.6371437758207321,
    0.6480103135108948,
    0.6291389316320419,
    0.6350856721401215,
    0.6457578092813492,
    0.6453837752342224,
    0.6389229446649551,
    0.6335424780845642,
    0.6283809542655945,
    0.6273581385612488,
    0.6263002157211304,
    0.6261728703975677,
    0.6261057406663895,
    0.6260778307914734
  ],
  "val_accuracy": [
    0.7049180327868853,
    0.7377049180327869,
    0.5409836065573771,
    0.5409836065573771,
    0.8360655737704918,
    0.8360655737704918,
    0.8032786885245902,
    0.8360655737704918,
    0.8524590163934426,
    0.8032786885245902,
    0.8032786885245902,
    0.819672131147541,
    0.8032786885245902,
    0.8032786885245902,
    0.8360655737704918,
    0.8524590163934426,
    0.8852459016393442,
    0.8360655737704918,
    0.8688524590163934,
    0.8688524590163934,
    0.8524590163934426,
    0.8524590163934426,
    0.8688524590163934,
    0.8688524590163934,
    0.8688524590163934,
    0.8688524590163934,
    0.8688524590163934,
    0.8688524590163934,
    0.8688524590163934,
    0.8688524590163934
  ],
  "val_precision": [
    0.0,
    0.5833333333333334,
    0.38095238095238093,
    0.38095238095238093,
    0.6666666666666666,
    0.6666666666666666,
    0.6153846153846154,
    0.6666666666666666,
    0.6956521739130435,
    0.6153846153846154,
    0.6153846153846154,
    0.6521739130434783,
    0.6153846153846154,
    0.6153846153846154,
    0.6666666666666666,
    0.6956521739130435,
    0.7619047619047619,
    0.6666666666666666,
    0.7272727272727273,
    0.7272727272727273,
    0.6956521739130435,
    0.6956521739130435,
    0.7272727272727273,
    0.7272727272727273,
    0.7272727272727273,
    0.7272727272727273,
    0.7272727272727273,
    0.7272727272727273,
    0.7272727272727273,
    0.7272727272727273
  ],