{
  "train_loss": [
    1.1305830478668213,
    1.0861723303794861,
    0.9833866834640503,
    0.9242990136146545,
    0.912964689731598,
    0.8925670266151429,
    0.8483572125434875,
    0.8078406572341919,
    0.7404561877250672,
    0.6290140271186828,
    0.5507407248020172,
    0.4604188919067383,
    0.3765463888645172,
    0.33352057337760926,
    0.3427125602960587,
    0.3191425323486328,
    0.27472357749938964,
    0.2331688866019249,
    0.24890153110027313,
    0.2646889120340347,
    0.23760850131511688,
    0.20141695737838744,
    0.24309297800064086,
    0.2732273280620575,
    0.2484948754310608,
    0.23080989420413972,
    0.24075021147727965,
    0.18904711157083512,
    0.23929066061973572,
    0.21547414660453795
  ],
  "train_accuracy": [
    0.6730769230769231,
    0.6730769230769231,
    0.6666666666666666,
    0.6410256410256411,
    0.42948717948717946,
    0.4423076923076923,
    0.7115384615384616,
    0.8717948717948718,
    0.8653846153846154,
    0.9166666666666666,
    0.8974358974358975,
    0.9166666666666666,
    0.9294871794871795,
    0.9294871794871795,
    0.9230769230769231,
    0.9038461538461539,
    0.9166666666666666,
    0.9294871794871795,
    0.9166666666666666,
    0.9102564102564102,
    0.9230769230769231,
    0.9423076923076923,
    0.9230769230769231,
    0.9166666666666666,
    0.9423076923076923,
    0.9166666666666666,
    0.9166666666666666,
    0.9615384615384616,
    0.9358974358974359,
    0.9487179487179487
  ],
  "train_precision": [
    0.0,
    0.0,
    0.0,
    0.38095238095238093,
    0.35384615384615387,
    0.3695652173913043,
    0.5319148936170213,
    0.8163265306122449,
    0.7884615384615384,
    0.8653846153846154,
    0.8431372549019608,
    0.8392857142857143,
    0.8448275862068966,
    0.8846153846153846,
    0.8545454545454545,
    0.8333333333333334,
    0.8275862068965517,
    0.8571428571428571,
    0.8166666666666667,
    0.8363636363636363,
    0.8545454545454545,
    0.8620689655172413,
    0.8421052631578947,
    0.8653846153846154,
    0.9038461538461539,
    0.8275862068965517,
    0.8653846153846154,
    0.9245283018867925,
    0.8727272727272727,
    0.8909090909090909
  ],
  "train_recall": [
    0.0,
    0.0,
    0.0,
    0.1568627450980392,
    0.9019607843137255,
    1.0,
    0.9803921568627451,
    0.7843137254901961,
    0.803921568627451,
    0.8823529411764706,
    0.8431372549019608,
    0.9215686274509803,
    0.9607843137254902,
    0.9019607843137255,
    0.9215686274509803,
    0.8823529411764706,
    0.9411764705882353,
    0.9411764705882353,
    0.9607843137254902,
    0.9019607843137255,
    0.9215686274509803,
    0.9803921568627451,
    0.9411764705882353,
    0.8823529411764706,
    0.9215686274509803,
    0.9411764705882353,
    0.8823529411764706,
    0.9607843137254902,
    0.9411764705882353,
    0.9607843137254902
  ],
  "train_f1": [
    0.0,
    0.0,
    0.0,
    0.2222222222222222,
    0.5082872928176796,
    0.5396825396825397,
    0.6896551724137931,
    0.8,
    0.7961165048543689,
    0.8737864077669902,
    0.8431372549019608,
    0.8785046728971962,
    0.8990825688073395,
    0.8932038834951457,
    0.8867924528301887,
    0.8571428571428571,
    0.8807339449541285,
    0.897196261682243,
    0.8828828828828829,
    0.8679245283018868,
    0.8867924528301887,
    0.9174311926605505,
    0.8888888888888888,
    0.8737864077669902,
    0.912621359223301,
    0.8807339449541285,
    0.8737864077669902,
    0.9423076923076923,
    0.9056603773584906,
    0.9245283018867925
  ],
  "train_roc_auc": [
    0.45938375350140054,
    0.43902894491129785,
    0.5624649859943978,
    0.6009337068160597,
    0.6515406162464986,
    0.7865546218487395,
    0.8916900093370682,
    0.9325863678804855,
    0.9402427637721755,
    0.9710550887021475,
    0.965266106442577,
    0.9706816059757236,
    0.9785247432306255,
    0.980578898225957,
    0.9751633986928104,
    0.9675070028011205,
    0.9822595704948647,
    0.9891690009337069,
    0.9826330532212885,
    0.9800186741363213,
    0.9863678804855276,
    0.9910364145658264,
    0.9833800186741363,
    0.9790849673202615,
    0.9818860877684407,
    0.9839402427637721,
    0.9839402427637721,
    0.9906629318394025,
    0.984313725490196,
    0.9891690009337069
  ],
  "train_pr_auc": [
    0.29888161540938063,
    0.2924531409763719,
    0.367939569344925,
    0.38766004833310164,
    0.49190070544859077,
    0.6115214876383149,
    0.7808034266940795,
    0.878870611980827,
    0.8877826287154378,
    0.9432396862608341,
    0.9471379225620238,
    0.9452008171276304,
    0.9519784352881049,
    0.9627443505283297,
    0.9543223907078701,
    0.9091156449657927,
    0.9628188999484668,
    0.9796678199601734,
    0.9649247146197082,
    0.9608623166789189,
    0.974700647320819,
    0.9827413488097744,
    0.9675143439202583,
    0.9547896330021022,
    0.9605868128377166,
    0.9672125588581486,
    0.9706315568787884,
    0.9776751501267136,
    0.9689801968465447,
    0.9787590698038149
  ],
  "val_loss": [
    0.9640894532203674,
    0.9109800457954407,
    0.8661557137966156,
    0.8740392625331879,
    0.8863619863986969,
    0.8555249571800232,
    0.8081947267055511,
    0.757076621055603,
    0.6966296434402466,
    0.6224675178527832,
    0.5541615188121796,
    0.5106931030750275,
    0.4714914411306381,
    0.4380331486463547,
    0.417417049407959,
    0.4160720705986023,
    0.41516663134098053,
    0.40290817618370056,
    0.3878646194934845,
    0.379379466176033,
    0.38229045271873474,
    0.37737901508808136,
    0.37026122212409973,
    0.3687051385641098,
    0.3697824031114578,
    0.3704068064689636,
    0.3713605999946594,
    0.37197794020175934,
    0.37225253880023956,
    0.3722674697637558
  ],
  "val_accuracy": [
    0.725,
    0.725,
    0.725,
    0.4,
    0.275,
    0.35,
    0.775,
    0.875,
    0.8,
    0.85,
    0.85,
    0.8,
    0.85,
    0.85,
    0.85,
    0.85,
    0.875,
    0.875,
    0.875,
    0.875,
    0.875,
    0.875,
    0.875,
    0.875,
    0.875,
    0.875,
    0.875,
    0.875,
    0.875,
    0.875
  ],
  "val_precision": [
    0.0,
    0.0,
    0.0,
    0.3142857142857143,
    0.275,
    0.2972972972972973,
    0.5625,
    0.8,
    0.6,
    0.6923076923076923,
    0.6923076923076923,
    0.6,
    0.6923076923076923,
    0.6923076923076923,
    0.6923076923076923,
    0.6923076923076923,
    0.7142857142857143,
    0.7142857142857143,
    0.7142857142857143,
    0.7142857142857143,
    0.7142857142857143,
    0.7142857142857143,
    0.7142857142857143,
    0.7142857142857143,
    0.7142857142857143,
    0.7142857142857143,
    0.7142857142857143,
    0.7142857142857143,
    0.7142857142857143,
    0.7142857142857143
  ],
  "val_recall": [
    0.0,
    0.0,
    0.0,
    1.0,
    1.0,
    1.0,
    0.8181818181818182,
    0.7272727272727273,
    0.8181818181818182,
    0.8181818181818182,
    0.8181818181818182,
    0.8181818181818182,
    0.8181818181818182,
    0.8181818181818182,
    0.8181818181818182,
    0.8181818181818182,
    0.9090909090909091,
    0.9090909090909091,
    0.9090909090909091,
    0.9090909090909091,
    0.9090909090909091,
    0.9090909090909091,
    0.9090909090909091,
    0.9090909090909091,
    0.9090909090909091,
    0.9090909090909091,
    0.9090909090909091,
    0.9090909090909091,
    0.9090909090909091,
    0.9090909090909091
  ],
  "val_f1": [
    0.0,
    0.0,
    0.0,
    0.4782608695652174,
    0.43137254901960786,
    0.4583333333333333,
    0.6666666666666666,
    0.7619047619047619,
    0.6923076923076923,
    0.75,
    0.75,
    0.6923076923076923,
    0.75,
    0.75,
    0.75,
    0.75,
    0.8,
    0.8,
    0.8,
    0.8,
    0.8,
    0.8,
    0.8,
    0.8,
    0.8,
    0.8,
    0.8,
    0.8,
    0.8,
    0.8
  ],