{
  "train_loss": [
    0.9678016602993011,
    0.8922041654586792,
    0.8665004223585129,
    0.7800506576895714,
    0.6609567403793335,
    0.607002854347229,
    0.5574041120707989,
    0.4798138588666916,
    0.4097948260605335,
    0.36121557280421257,
    0.3794555775821209,
    0.33016751892864704,
    0.31800306402146816,
    0.3199467696249485,
    0.27013564482331276,
    0.24878054950386286,
    0.2372448779642582,
    0.2630738625302911,
    0.23317792918533087,
    0.2677979627624154,
    0.23707176931202412,
    0.2530472856014967,
    0.18446577992290258,
    0.19424435449764132,
    0.20585045032203197,
    0.1626710370182991,
    0.1418787520378828,
    0.17702185455709696,
    0.2302615214139223,
    0.19254859909415245
  ],
  "train_accuracy": [
    0.39344262295081966,
    0.5819672131147541,
    0.6885245901639344,
    0.7704918032786885,
    0.8114754098360656,
    0.8114754098360656,
    0.8319672131147541,
    0.8647540983606558,
    0.889344262295082,
    0.9262295081967213,
    0.9262295081967213,
    0.9180327868852459,
    0.9180327868852459,
    0.9262295081967213,
    0.930327868852459,
    0.9385245901639344,
    0.9344262295081968,
    0.9385245901639344,
    0.9385245901639344,
    0.930327868852459,
    0.9344262295081968,
    0.9385245901639344,
    0.9508196721311475,
    0.9549180327868853,
    0.9549180327868853,
    0.9631147540983607,
    0.9590163934426229,
    0.9549180327868853,
    0.930327868852459,
    0.9508196721311475
  ],
  "train_precision": [
    0.3425925925925926,
    0.4266666666666667,
    0.5204081632653061,
    0.6363636363636364,
    0.6888888888888889,
    0.6847826086956522,
    0.7468354430379747,
    0.7701149425287356,
    0.7676767676767676,
    0.8444444444444444,
    0.8444444444444444,
    0.8488372093023255,
    0.8333333333333334,
    0.8369565217391305,
    0.8539325842696629,
    0.8571428571428571,
    0.8636363636363636,
    0.8735632183908046,
    0.8651685393258427,
    0.8539325842696629,
    0.8555555555555555,
    0.8735632183908046,
    0.8863636363636364,
    0.896551724137931,
    0.9156626506024096,
    0.9080459770114943,
    0.9166666666666666,
    0.896551724137931,
    0.8705882352941177,
    0.8863636363636364
  ],
  "train_recall": [
    0.925,
    0.8,
    0.6375,
    0.7,
    0.775,
    0.7875,
    0.7375,
    0.8375,
    0.95,
    0.95,
    0.95,
    0.9125,
    0.9375,
    0.9625,
    0.95,
    0.975,
    0.95,
    0.95,
    0.9625,
    0.95,
    0.9625,
    0.95,
    0.975,
    0.975,
    0.95,
    0.9875,
    0.9625,
    0.975,
    0.925,
    0.975
  ],
  "train_f1": [
    0.5,
    0.5565217391304348,
    0.5730337078651685,
    0.6666666666666666,
    0.7294117647058823,
    0.7325581395348837,
    0.7421383647798742,
    0.8023952095808383,
    0.8491620111731844,
    0.8941176470588236,
    0.8941176470588236,
    0.8795180722891566,
    0.8823529411764706,
    0.8953488372093024,
    0.8994082840236687,
    0.9122807017543859,
    0.9047619047619048,
    0.9101796407185628,
    0.9112426035502958,
    0.8994082840236687,
    0.9058823529411765,
    0.9101796407185628,
    0.9285714285714286,
    0.9341317365269461,
    0.9325153374233128,
    0.9461077844311377,
    0.9390243902439024,
    0.9341317365269461,
    0.896969696969697,
    0.9285714285714286
  ],
  "train_roc_auc": [
    0.5369664634146342,
    0.6509146341463415,
    0.7009146341463415,
    0.8253810975609756,
    0.9008384146341464,
    0.9027439024390244,
    0.9182164634146341,
    0.9346798780487804,
    0.9602134146341463,
    0.9496189024390244,
    0.9493140243902438,
    0.9602134146341463,
    0.9636432926829268,
    0.958689024390244,
    0.9712652439024391,
    0.9717225609756098,
    0.9786585365853658,
    0.9737804878048781,
    0.9785823170731708,
    0.9753810975609756,
    0.979344512195122,
    0.9704268292682927,
    0.9867378048780487,
    0.9839939024390245,
    0.9861280487804878,
    0.9878048780487805,
    0.9918445121951219,
    0.9896341463414634,
    0.9810975609756099,
    0.9863567073170731
  ],
  "train_pr_auc": [
    0.3352961820735695,
    0.4449965297719922,
    0.57556112025408,
    0.7104268749815852,
    0.801908799217399,
    0.8024740961384283,
    0.8195214667300961,
    0.8650153379708769,
    0.9040110785372498,
    0.909259711798809,
    0.8440163853126259,
    0.89939767316168,
    0.9272589850100323,
    0.9189024851661414,
    0.9256952308825033,
    0.9297576551482766,
    0.949242066146538,
    0.9385518962273582,
    0.9482867280764861,
    0.9387738351078453,
    0.951384799666001,
    0.9440704814039943,
    0.9669035543110989,
    0.9644152231365124,
    0.9616564820777086,
    0.9652221353236019,
    0.9752753058096546,
    0.9762382627769507,
    0.9424870892248578,
    0.9680927263610738
  ],
  "val_loss": [
    0.9174091815948486,
    0.8508057296276093,
    0.7241635024547577,
    0.6146503984928131,
    0.5109873861074448,
    0.4106623977422714,
    0.34108197689056396,
    0.2950001284480095,
    0.2491598129272461,
    0.20938385277986526,
    0.2018924169242382,
    0.17554086446762085,
    0.16010402888059616,
    0.14877944067120552,
    0.13435131311416626,
    0.12320572324097157,
    0.1168094165623188,
    0.09986325912177563,
    0.08181474544107914,
    0.07100091688334942,
    0.06506892666220665,
    0.06107703596353531,
    0.05773662030696869,
    0.054442936554551125,
    0.052170729264616966,
    0.05100422538816929,
    0.050476666539907455,
    0.050185009837150574,
    0.05012262426316738,
    0.05011591129004955
  ],
  "val_accuracy": [
    0.3548387096774194,
    0.9032258064516129,
    0.9193548387096774,
    0.9193548387096774,
    0.9193548387096774,
    0.9354838709677419,
    0.967741935483871,
    0.967741935483871,
    0.967741935483871,
    0.967741935483871,
    0.967741935483871,
    0.967741935483871,
    0.967741935483871,
    0.967741935483871,
    0.967741935483871,
    0.967741935483871,
    0.967741935483871,
    0.967741935483871,
    0.9838709677419355,
    0.9838709677419355,
    0.9838709677419355,
    0.9838709677419355,
    1.0,
    1.0,
    1.0,
    1.0,
    1.0,
    1.0,
    1.0,
    1.0
  ],
  "val_precision": [
    0.3548387096774194,
    0.9444444444444444,
    0.9047619047619048,
    0.9047619047619048,
    0.9473684210526315,
    0.95,
    0.9545454545454546,
    0.9166666666666666,
    0.9545454545454546,
    0.9545454545454546,
    0.9545454545454546,
    0.9545454545454546,
    0.9545454545454546,
    0.9545454545454546,
    0.9545454545454546,
    0.9545454545454546,
    0.9545454545454546,
    0.9545454545454546,
    0.9565217391304348,
    0.9565217391304348,
    0.9565217391304348,
    0.9565217391304348,
    1.0,
    1.0,
    1.0,
    1.0,
    1.0,
    1.0,
    1.0,
    1.0
  ],
  "val_recall": [
    1.0,
    0.7727272727272727,
    0.8636363636363636,
    0.8636363636363636,
    0.8181818181818182,
    0.8636363636363636,
    0.9545454545454546,
    1.0,
    0.9545454545454546,
    0.9545454545454546,
    0.9545454545454546,
    0.9545454545454546,
    0.9545454545454546,
    0.9545454545454546,
    0.9545454545454546,
    0.9545454545454546,
    0.9545454545454546,
    0.9545454545454546,
    1.0,
    1.0,
    1.0,
    1.0,
    1.0,
    1.0,
    1.0,
    1.0,
    1.0,
    1.0,
    1.0,
    1.0
  ],
  "val_f1": [
    0.5238095238095238,
    0.85,
    0.8837209302325582,
    0.8837209302325582,
    0.8780487804878049,
    0.9047619047619048,
    0.9545454545454546,
    0.9565217391304348,
    0.9545454545454546,
    0.9545454545454546,
    0.9545454545454546,
    0.9545454545454546,
    0.9545454545454546,
    0.9545454545454546,
    0.9545454545454546,
    0.9545454545454546,
    0.9545454545454546,
    0.9545454545454546,
    0.9777777777777777,
    0.9777777777777777,
    0.9777777777777777,
    0.9777777777777777,
    1.0,
    1.0,
    1.0,
    1.0,
    1.0,
    1.0,
    1.0,
    1.0
  ],