{
  "train_loss": [
    0.6306887865066528,
    0.6217292709784075,
    0.6195304177024148,
    0.6076224771412936,
    0.6153182929212396,
    0.5907251022078774,
    0.5816959251057018,
    0.6003536040132696,
    0.5699631463397633,
    0.5404681455005299,
    0.5285298878496344,
    0.5170076001774181,
    0.5264192169362848,
    0.47705634751103143,
    0.5121599896387621,
    0.4763263707811182,
    0.4594475437294353,
    0.4463158994913101,
    0.47136612101034686,
    0.45418769933960657,
    0.47260151126167993,
    0.4189387424425645,
    0.42001907662911847,
    0.41207296875390137,
    0.44122115861285816,
    0.43454069034619763,
    0.4642916213382374,
    0.4214838526465676,
    0.49081379446116363
  ],
  "train_accuracy": [
    0.4537037037037037,
    0.48148148148148145,
    0.5123456790123457,
    0.5401234567901234,
    0.5771604938271605,
    0.6327160493827161,
    0.6512345679012346,
    0.5895061728395061,
    0.6327160493827161,
    0.6790123456790124,
    0.7006172839506173,
    0.7129629629629629,
    0.7191358024691358,
    0.7283950617283951,
    0.7160493827160493,
    0.75,
    0.7222222222222222,
    0.7561728395061729,
    0.7561728395061729,
    0.7592592592592593,
    0.7376543209876543,
    0.7808641975308642,
    0.7870370370370371,
    0.7777777777777778,
    0.7716049382716049,
    0.7685185185185185,
    0.75,
    0.7962962962962963,
    0.7592592592592593
  ],
  "train_precision": [
    0.5113636363636364,
    0.5276381909547738,
    0.5454545454545454,
    0.6086956521739131,
    0.6346153846153846,
    0.6807228915662651,
    0.6513761467889908,
    0.7053571428571429,
    0.7,
    0.6829268292682927,
    0.7697368421052632,
    0.75,
    0.7716049382716049,
    0.7241379310344828,
    0.7919463087248322,
    0.7525773195876289,
    0.7730061349693251,
    0.7631578947368421,
    0.8164556962025317,
    0.7821229050279329,
    0.7611111111111111,
    0.8214285714285714,
    0.8313253012048193,
    0.7923497267759563,
    0.8106508875739645,
    0.8209876543209876,
    0.80625,
    0.8383233532934131,
    0.791907514450867
  ],
  "train_recall": [
    0.25139664804469275,
    0.5865921787709497,
    0.7039106145251397,
    0.4692737430167598,
    0.553072625698324,
    0.6312849162011173,
    0.7932960893854749,
    0.441340782122905,
    0.5865921787709497,
    0.7821229050279329,
    0.6536312849162011,
    0.7206703910614525,
    0.6983240223463687,
    0.8212290502793296,
    0.659217877094972,
    0.8156424581005587,
    0.7039106145251397,
    0.8100558659217877,
    0.7206703910614525,
    0.7821229050279329,
    0.7653631284916201,
    0.770949720670391,
    0.770949720670391,
    0.8100558659217877,
    0.7653631284916201,
    0.7430167597765364,
    0.7206703910614525,
    0.7821229050279329,
    0.7653631284916201
  ],
  "train_f1": [
    0.33707865168539325,
    0.5555555555555556,
    0.6146341463414634,
    0.5299684542586751,
    0.591044776119403,
    0.6550724637681159,
    0.7153652392947103,
    0.5429553264604811,
    0.6382978723404256,
    0.7291666666666666,
    0.7069486404833837,
    0.7350427350427351,
    0.7331378299120235,
    0.7696335078534031,
    0.7195121951219512,
    0.7828418230563002,
    0.7368421052631579,
    0.7859078590785907,
    0.7655786350148368,
    0.7821229050279329,
    0.7632311977715878,
    0.7953890489913544,
    0.8,
    0.8011049723756906,
    0.7873563218390804,
    0.7800586510263929,
    0.7610619469026548,
    0.8092485549132948,
    0.7784090909090909
  ],
  "train_roc_auc": [
    0.47821229050279324,
    0.46210749373916393,
    0.4942785590445001,
    0.5715854363321132,
    0.611866692352148,
    0.6661529570410325,
    0.7035638605278367,
    0.6722018878828742,
    0.6897900211905221,
    0.7383548449239068,
    0.7389712964746677,
    0.7436717395492198,
    0.7751492968599499,
    0.7913311500674244,
    0.7773454055095357,
    0.7987285686765556,
    0.8094779425929494,
    0.8261606626854171,
    0.8348295126179928,
    0.8350606819495281,
    0.806896551724138,
    0.8526295511462145,
    0.8537853978038913,
    0.8479676362935851,
    0.8359083028318244,
    0.8342515892891542,
    0.8491620111731842,
    0.8544018493546524,
    0.8345598150645346
  ],
  "train_pr_auc": [
    0.5267467311287595,
    0.5382622900283842,
    0.5503733349048634,
    0.5986200603880987,
    0.6422401177187571,
    0.681987055602842,
    0.7359074508843464,
    0.6847807621538169,
    0.7314997861923063,
    0.7694011801673567,
    0.7486319652584124,
    0.780877419521815,
    0.816298306549588,
    0.8164507241658402,
    0.8114975317406699,
    0.815915675593137,
    0.8347302749748859,
    0.8361599934873203,
    0.8601721750628138,
    0.853818513043715,
    0.836130869075421,
    0.8625306054253159,
    0.8744979045993577,
    0.8697829445029047,
    0.8513097113723879,
    0.8607642555605268,
    0.8713893990559195,
    0.8776612675507259,
    0.8470416769751948
  ],
  "val_loss": [
    0.6251863638559977,
    0.6181788841883341,
    0.6118144194285074,
    0.6047914624214172,
    0.5933722654978434,
    0.5791621208190918,
    0.5759129722913107,
    0.558938205242157,
    0.5450307329495748,
    0.5346647302309672,
    0.5092494785785675,
    0.4936490555604299,
    0.4676020344098409,
    0.49808575709660846,
    0.4691680371761322,
    0.4848709503809611,
    0.43830199042956036,
    0.45079606771469116,
    0.4253990948200226,
    0.42443657914797467,
    0.4194837212562561,
    0.4231463670730591,
    0.42204464475313824,
    0.4265451530615489,
    0.4351716935634613,
    0.4354305565357208,
    0.4315456748008728,
    0.4297912617524465,
    0.42958439389864606
  ],
  "val_accuracy": [
    0.5555555555555556,
    0.4444444444444444,
    0.5802469135802469,
    0.5555555555555556,
    0.5925925925925926,
    0.7037037037037037,
    0.654320987654321,
    0.6790123456790124,
    0.7037037037037037,
    0.7160493827160493,
    0.7407407407407407,
    0.7654320987654321,
    0.8148148148148148,
    0.7037037037037037,
    0.7654320987654321,
    0.7037037037037037,
    0.8148148148148148,
    0.7407407407407407,
    0.8148148148148148,
    0.8271604938271605,
    0.8271604938271605,
    0.7654320987654321,
    0.7901234567901234,
    0.7654320987654321,
    0.7407407407407407,
    0.7407407407407407,
    0.7407407407407407,
    0.7530864197530864,
    0.7530864197530864
  ],
  "val_precision": [
    1.0,
    0.4931506849315068,
    0.5961538461538461,
    0.5869565217391305,
    0.582089552238806,
    0.6851851851851852,
    0.8636363636363636,
    0.6607142857142857,
    0.6785714285714286,
    0.8,
    0.7446808510638298,
    0.8048780487804879,
    0.8222222222222222,
    0.8333333333333334,
    0.7358490566037735,
    0.8333333333333334,
    0.7959183673469388,
    0.8108108108108109,
    0.8085106382978723,
    0.8260869565217391,
    0.8260869565217391,
    0.8048780487804879,
    0.813953488372093,
    0.8048780487804879,
    0.7948717948717948,
    0.7948717948717948,
    0.7948717948717948,
    0.8,
    0.8
  ],
  "val_recall": [
    0.18181818181818182,
    0.8181818181818182,
    0.7045454545454546,
    0.6136363636363636,
    0.8863636363636364,
    0.8409090909090909,
    0.4318181818181818,
    0.8409090909090909,
    0.8636363636363636,
    0.6363636363636364,
    0.7954545454545454,
    0.75,
    0.8409090909090909,
    0.5681818181818182,
    0.8863636363636364,
    0.5681818181818182,
    0.8863636363636364,
    0.6818181818181818,
    0.8636363636363636,
    0.8636363636363636,
    0.8636363636363636,
    0.75,
    0.7954545454545454,
    0.75,
    0.7045454545454546,
    0.7045454545454546,
    0.7045454545454546,
    0.7272727272727273,
    0.7272727272727273
  ],