{
  "train_loss": [
    0.6683273044499484,
    0.6263412724841725,
    0.618142388083718,
    0.6249097748236223,
    0.6150527759031816,
    0.612234500321475,
    0.5858063806187023,
    0.5754929239099676,
    0.5712231506000865,
    0.5514931543306871,
    0.5420945205471732,
    0.5497012165459719,
    0.516532692042264,
    0.5117582245306536,
    0.5134890079498291,
    0.4948716407472437,
    0.5562557767737996,
    0.46071759408170526,
    0.4686797098679976,
    0.4950450523333116,
    0.4630259790203788,
    0.5224125195633281,
    0.4800215553153645,
    0.47755603085864673,
    0.4623026062141765,
    0.4517413919622248,
    0.4446655674414201,
    0.46940463510426605,
    0.46721639145504346,
    0.45035411282019183
  ],
  "train_accuracy": [
    0.4382716049382716,
    0.47530864197530864,
    0.5123456790123457,
    0.5370370370370371,
    0.5524691358024691,
    0.5339506172839507,
    0.6265432098765432,
    0.6574074074074074,
    0.6234567901234568,
    0.6481481481481481,
    0.7191358024691358,
    0.6944444444444444,
    0.7191358024691358,
    0.7037037037037037,
    0.7438271604938271,
    0.7438271604938271,
    0.7191358024691358,
    0.7561728395061729,
    0.7654320987654321,
    0.7191358024691358,
    0.7253086419753086,
    0.7561728395061729,
    0.75,
    0.7530864197530864,
    0.7438271604938271,
    0.7376543209876543,
    0.7654320987654321,
    0.7345679012345679,
    0.7654320987654321,
    0.7716049382716049
  ],
  "train_precision": [
    0.2,
    0.5789473684210527,
    0.5502392344497608,
    0.5596707818930041,
    0.7125,
    0.6076923076923076,
    0.676829268292683,
    0.6847826086956522,
    0.6628571428571428,
    0.7304964539007093,
    0.7244897959183674,
    0.7222222222222222,
    0.7365591397849462,
    0.754601226993865,
    0.7666666666666667,
    0.7637362637362637,
    0.7857142857142857,
    0.7840909090909091,
    0.7877094972067039,
    0.775,
    0.7616279069767442,
    0.7777777777777778,
    0.7784090909090909,
    0.776536312849162,
    0.7758620689655172,
    0.7831325301204819,
    0.8047337278106509,
    0.7627118644067796,
    0.7942857142857143,
    0.7932960893854749
  ],
  "train_recall": [
    0.00558659217877095,
    0.18435754189944134,
    0.6424581005586593,
    0.7597765363128491,
    0.31843575418994413,
    0.441340782122905,
    0.6201117318435754,
    0.7039106145251397,
    0.6480446927374302,
    0.5754189944134078,
    0.7932960893854749,
    0.7262569832402235,
    0.7653631284916201,
    0.6871508379888268,
    0.770949720670391,
    0.776536312849162,
    0.6759776536312849,
    0.770949720670391,
    0.7877094972067039,
    0.6927374301675978,
    0.7318435754189944,
    0.7821229050279329,
    0.7653631284916201,
    0.776536312849162,
    0.7541899441340782,
    0.7262569832402235,
    0.7597765363128491,
    0.7541899441340782,
    0.776536312849162,
    0.7932960893854749
  ],
  "train_f1": [
    0.010869565217391304,
    0.2796610169491525,
    0.5927835051546392,
    0.6445497630331753,
    0.44015444015444016,
    0.511326860841424,
    0.6472303206997084,
    0.6942148760330579,
    0.655367231638418,
    0.64375,
    0.7573333333333333,
    0.724233983286908,
    0.7506849315068493,
    0.7192982456140351,
    0.7688022284122563,
    0.7700831024930748,
    0.7267267267267268,
    0.7774647887323943,
    0.7877094972067039,
    0.7315634218289085,
    0.7464387464387464,
    0.7799442896935933,
    0.7718309859154929,
    0.776536312849162,
    0.7648725212464589,
    0.7536231884057971,
    0.7816091954022989,
    0.7584269662921348,
    0.7853107344632768,
    0.7932960893854749
  ],
  "train_roc_auc": [
    0.4060489308418417,
    0.5061837796185705,
    0.5324214987478328,
    0.5193604315160856,
    0.5960315931419764,
    0.5689847813523407,
    0.6810633789250626,
    0.6992101714505876,
    0.6832594875746484,
    0.7067617029474089,
    0.7585051049894047,
    0.7407050664611828,
    0.7707185513388557,
    0.7621652860720478,
    0.7783086110575997,
    0.7907917549605086,
    0.7826237719129262,
    0.8141398574455789,
    0.8248121749181275,
    0.7858216143324986,
    0.8209208245039491,
    0.7956463109227508,
    0.8165286072047776,
    0.8168753612020805,
    0.8083991523791177,
    0.8225775380466191,
    0.8481602774031978,
    0.81325370834136,
    0.8320554806395685,
    0.8313619726449624
  ],
  "train_pr_auc": [
    0.48697702903097495,
    0.58992421743397,
    0.5919199162261564,
    0.5872255850447904,
    0.6435356795161657,
    0.6209504770569552,
    0.7370647260958059,
    0.7359618728934458,
    0.7277099498717778,
    0.7324624034082758,
    0.7731301287721455,
    0.7573663603431013,
    0.7862102418671703,
    0.7842976965815213,
    0.7834973880089293,
    0.8216299632768982,
    0.8191754184992472,
    0.8358895511992814,
    0.8388324818877494,
    0.8166290877155827,
    0.8492695753948221,
    0.7962443599667166,
    0.8215501223206612,
    0.832984245513257,
    0.8225560185212493,
    0.8278524159758673,
    0.8656138200142625,
    0.8210896831533933,
    0.8371889991431325,
    0.8611514316122995
  ],
  "val_loss": [
    0.6402842998504639,
    0.6143337686856588,
    0.6077430049578348,
    0.6030288736025492,
    0.6005801757176717,
    0.588346004486084,
    0.5733123620351156,
    0.552708367506663,
    0.5288583934307098,
    0.5011383295059204,
    0.4805387059847514,
    0.4608214298884074,
    0.4468223452568054,
    0.4306756556034088,
    0.40806683897972107,
    0.4088584880034129,
    0.4002028703689575,
    0.3960384726524353,
    0.3914015789826711,
    0.3948063651720683,
    0.3886238733927409,
    0.38740960756937665,
    0.3859663208325704,
    0.3886709312597911,
    0.3883453110853831,
    0.3873003125190735,
    0.3865801791350047,
    0.38601909081141156,
    0.38590774933497113,
    0.3859102626641591
  ],
  "val_accuracy": [
    0.4567901234567901,
    0.5185185185185185,
    0.5679012345679012,
    0.6049382716049383,
    0.5061728395061729,
    0.6790123456790124,
    0.691358024691358,
    0.691358024691358,
    0.691358024691358,
    0.7283950617283951,
    0.8024691358024691,
    0.8148148148148148,
    0.8148148148148148,
    0.8148148148148148,
    0.8024691358024691,
    0.8024691358024691,
    0.8024691358024691,
    0.8024691358024691,
    0.7901234567901234,
    0.8024691358024691,
    0.8024691358024691,
    0.8024691358024691,
    0.8024691358024691,
    0.8024691358024691,
    0.8024691358024691,
    0.7901234567901234,
    0.8024691358024691,
    0.8024691358024691,
    0.8024691358024691,
    0.8024691358024691
  ],
  "val_precision": [
    0.0,
    0.7777777777777778,
    0.5584415584415584,
    0.9285714285714286,
    1.0,
    0.8461538461538461,
    0.7209302325581395,
    0.7209302325581395,
    0.7209302325581395,
    0.7391304347826086,
    0.8333333333333334,
    0.8222222222222222,
    0.8372093023255814,
    0.8222222222222222,
    0.8043478260869565,
    0.8181818181818182,
    0.8181818181818182,
    0.8043478260869565,
    0.8,
    0.8333333333333334,
    0.8043478260869565,
    0.8043478260869565,
    0.8043478260869565,
    0.8181818181818182,
    0.8181818181818182,
    0.8,
    0.8043478260869565,
    0.8043478260869565,
    0.8043478260869565,
    0.8043478260869565
  ],