{
  "train_loss": [
    0.9396190047264099,
    0.9331793189048767,
    0.9360402673482895,
    0.9304018691182137,
    0.9247932583093643,
    0.9267681315541267,
    0.9134420901536942,
    0.9041627049446106,
    0.9000798240303993,
    0.878337599337101,
    0.8360373824834824,
    0.7782990261912346,
    0.7481837198138237,
    0.6692598909139633,
    0.5885475277900696,
    0.5617455840110779,
    0.4888329915702343,
    0.45656292885541916,
    0.4139244556427002,
    0.4129764512181282,
    0.37451664358377457,
    0.3772275075316429,
    0.3472222276031971,
    0.3858594708144665,
    0.3387993797659874,
    0.34602442756295204,
    0.34401892125606537,
    0.3199154809117317,
    0.3518082778900862,
    0.3590645659714937
  ],
  "train_accuracy": [
    0.32786885245901637,
    0.3237704918032787,
    0.3319672131147541,
    0.38524590163934425,
    0.6229508196721312,
    0.6639344262295082,
    0.7336065573770492,
    0.6844262295081968,
    0.6516393442622951,
    0.7295081967213115,
    0.7377049180327869,
    0.7581967213114754,
    0.7663934426229508,
    0.7745901639344263,
    0.8483606557377049,
    0.8565573770491803,
    0.8852459016393442,
    0.8934426229508197,
    0.9180327868852459,
    0.9098360655737705,
    0.9385245901639344,
    0.9344262295081968,
    0.930327868852459,
    0.9221311475409836,
    0.9385245901639344,
    0.9344262295081968,
    0.930327868852459,
    0.9467213114754098,
    0.9385245901639344,
    0.930327868852459
  ],
  "train_precision": [
    0.32786885245901637,
    0.32510288065843623,
    0.3292181069958848,
    0.34513274336283184,
    0.43478260869565216,
    0.4375,
    0.6744186046511628,
    0.5172413793103449,
    0.47058823529411764,
    0.5853658536585366,
    0.58,
    0.5945945945945946,
    0.6055045871559633,
    0.6068376068376068,
    0.7047619047619048,
    0.7272727272727273,
    0.75,
    0.7647058823529411,
    0.8191489361702128,
    0.8152173913043478,
    0.8735632183908046,
    0.8809523809523809,
    0.8620689655172413,
    0.8279569892473119,
    0.8571428571428571,
    0.8555555555555555,
    0.8705882352941177,
    0.8764044943820225,
    0.891566265060241,
    0.8539325842696629
  ],
  "train_recall": [
    1.0,
    0.9875,
    1.0,
    0.975,
    0.5,
    0.0875,
    0.3625,
    0.5625,
    0.5,
    0.6,
    0.725,
    0.825,
    0.825,
    0.8875,
    0.925,
    0.9,
    0.975,
    0.975,
    0.9625,
    0.9375,
    0.95,
    0.925,
    0.9375,
    0.9625,
    0.975,
    0.9625,
    0.925,
    0.975,
    0.925,
    0.95
  ],
  "train_f1": [
    0.49382716049382713,
    0.4891640866873065,
    0.4953560371517028,
    0.5098039215686274,
    0.46511627906976744,
    0.14583333333333334,
    0.4715447154471545,
    0.5389221556886228,
    0.48484848484848486,
    0.5925925925925926,
    0.6444444444444445,
    0.6910994764397905,
    0.6984126984126984,
    0.7208121827411168,
    0.8,
    0.8044692737430168,
    0.8478260869565217,
    0.8571428571428571,
    0.8850574712643678,
    0.872093023255814,
    0.9101796407185628,
    0.9024390243902439,
    0.8982035928143712,
    0.8901734104046243,
    0.9122807017543859,
    0.9058823529411765,
    0.896969696969697,
    0.9230769230769231,
    0.9079754601226994,
    0.8994082840236687
  ],
  "train_roc_auc": [
    0.48490853658536587,
    0.4621189024390243,
    0.5096036585365854,
    0.5627286585365854,
    0.6097560975609757,
    0.6351371951219512,
    0.7454268292682926,
    0.7112042682926829,
    0.727515243902439,
    0.7733993902439025,
    0.8249237804878048,
    0.8407012195121951,
    0.8352896341463415,
    0.8804115853658536,
    0.9117378048780488,
    0.9117378048780488,
    0.948780487804878,
    0.9450457317073171,
    0.973170731707317,
    0.9628048780487806,
    0.9649390243902439,
    0.9757621951219512,
    0.978125,
    0.9557926829268293,
    0.9782012195121952,
    0.9753048780487804,
    0.974314024390244,
    0.9820121951219511,
    0.9690548780487805,
    0.9676829268292684
  ],
  "train_pr_auc": [
    0.33939765776001635,
    0.3278507161590948,
    0.33256901222852986,
    0.40478521100442644,
    0.4311136229545879,
    0.4486790583501088,
    0.5919191650201527,
    0.496100210936978,
    0.5168730180330068,
    0.6136033973139321,
    0.6661940083337385,
    0.6821636922657175,
    0.6804513907375059,
    0.7087276399007515,
    0.8091869626335151,
    0.8049278788123094,
    0.8704259099699866,
    0.8627039146260681,
    0.9390853449454272,
    0.92218592919653,
    0.9277450627107585,
    0.943429656785886,
    0.9491601499351063,
    0.8513786778023783,
    0.9534897958665646,
    0.9371672330927554,
    0.9330459224475762,
    0.9550158215341167,
    0.9537642122413542,
    0.9231417550558795
  ],
  "val_loss": [
    0.9487528502941132,
    0.9485004842281342,
    0.9487507939338684,
    0.948419988155365,
    0.9454908668994904,
    0.9402333199977875,
    0.9272811114788055,
    0.9133487045764923,
    0.8926056027412415,
    0.8341111838817596,
    0.7611228227615356,
    0.678396612405777,
    0.5887358486652374,
    0.4767601937055588,
    0.4732259660959244,
    0.41432662308216095,
    0.3786635547876358,
    0.3585297018289566,
    0.34294578433036804,
    0.3290400505065918,
    0.3174431324005127,
    0.3067818135023117,
    0.30262523889541626,
    0.2991579473018646,
    0.29746948182582855,
    0.29655443131923676,
    0.29632118344306946,
    0.2956257611513138,
    0.2953401803970337,
    0.295285165309906
  ],
  "val_accuracy": [
    0.3548387096774194,
    0.3548387096774194,
    0.3548387096774194,
    0.3870967741935484,
    0.6612903225806451,
    0.6451612903225806,
    0.7903225806451613,
    0.8064516129032258,
    0.8064516129032258,
    0.8225806451612904,
    0.8064516129032258,
    0.8709677419354839,
    0.9354838709677419,
    0.9354838709677419,
    0.9516129032258065,
    0.9516129032258065,
    0.9516129032258065,
    0.9516129032258065,
    0.967741935483871,
    0.967741935483871,
    0.967741935483871,
    0.967741935483871,
    0.967741935483871,
    0.967741935483871,
    0.967741935483871,
    0.967741935483871,
    0.967741935483871,
    0.967741935483871,
    0.967741935483871,
    0.967741935483871
  ],
  "val_precision": [
    0.3548387096774194,
    0.3548387096774194,
    0.3548387096774194,
    0.36666666666666664,
    1.0,
    0.0,
    0.9090909090909091,
    0.7777777777777778,
    0.9166666666666666,
    0.7894736842105263,
    0.75,
    0.7916666666666666,
    0.875,
    0.9090909090909091,
    0.9523809523809523,
    0.9523809523809523,
    0.9523809523809523,
    0.9523809523809523,
    1.0,
    1.0,
    1.0,
    1.0,
    1.0,
    1.0,
    1.0,
    1.0,
    1.0,
    1.0,
    1.0,
    1.0
  ],
  "val_recall": [
    1.0,
    1.0,
    1.0,
    1.0,
    0.045454545454545456,
    0.0,
    0.45454545454545453,
    0.6363636363636364,
    0.5,
    0.6818181818181818,
    0.6818181818181818,
    0.8636363636363636,
    0.9545454545454546,
    0.9090909090909091,
    0.9090909090909091,
    0.9090909090909091,
    0.9090909090909091,
    0.9090909090909091,
    0.9090909090909091,
    0.9090909090909091,
    0.9090909090909091,
    0.9090909090909091,
    0.9090909090909091,
    0.9090909090909091,
    0.9090909090909091,
    0.9090909090909091,
    0.9090909090909091,
    0.9090909090909091,
    0.9090909090909091,
    0.9090909090909091
  ],