{
  "train_loss": [
    1.1161210060119628,
    1.09300696849823,
    1.0524347066879272,
    0.9753128051757812,
    0.8783785462379455,
    0.7977734446525574,
    0.7844135522842407,
    0.7225378274917602,
    0.6809364914894104,
    0.6426436185836792,
    0.6052420616149903,
    0.5402332603931427,
    0.5240003883838653,
    0.46211020946502684,
    0.4695375025272369,
    0.45557225346565244,
    0.39017645120620725,
    0.3894357681274414,
    0.39922897815704345,
    0.36022200584411623,
    0.33499099016189576,
    0.35524230599403384,
    0.3141510546207428,
    0.2957216799259186,
    0.30481299161911013,
    0.30243821144104005,
    0.33970635533332827,
    0.33240700960159303,
    0.3620045602321625,
    0.3355274021625519
  ],
  "train_accuracy": [
    0.3269230769230769,
    0.3269230769230769,
    0.3269230769230769,
    0.3269230769230769,
    0.4935897435897436,
    0.8141025641025641,
    0.7884615384615384,
    0.8076923076923077,
    0.8461538461538461,
    0.8846153846153846,
    0.8717948717948718,
    0.8653846153846154,
    0.8974358974358975,
    0.9102564102564102,
    0.8846153846153846,
    0.8910256410256411,
    0.9423076923076923,
    0.9294871794871795,
    0.9230769230769231,
    0.9423076923076923,
    0.9230769230769231,
    0.9166666666666666,
    0.9166666666666666,
    0.967948717948718,
    0.9423076923076923,
    0.9551282051282052,
    0.9358974358974359,
    0.9487179487179487,
    0.9038461538461539,
    0.9358974358974359
  ],
  "train_precision": [
    0.3269230769230769,
    0.3269230769230769,
    0.3269230769230769,
    0.3269230769230769,
    0.3888888888888889,
    0.7291666666666666,
    0.7045454545454546,
    0.6779661016949152,
    0.7213114754098361,
    0.8235294117647058,
    0.8444444444444444,
    0.75,
    0.8070175438596491,
    0.8245614035087719,
    0.7796610169491526,
    0.7931034482758621,
    0.8620689655172413,
    0.8703703703703703,
    0.8823529411764706,
    0.875,
    0.819672131147541,
    0.8275862068965517,
    0.8064516129032258,
    0.9259259259259259,
    0.85,
    0.9074074074074074,
    0.8596491228070176,
    0.8909090909090909,
    0.8214285714285714,
    0.9019607843137255
  ],
  "train_recall": [
    1.0,
    1.0,
    1.0,
    1.0,
    0.9607843137254902,
    0.6862745098039216,
    0.6078431372549019,
    0.7843137254901961,
    0.8627450980392157,
    0.8235294117647058,
    0.7450980392156863,
    0.8823529411764706,
    0.9019607843137255,
    0.9215686274509803,
    0.9019607843137255,
    0.9019607843137255,
    0.9803921568627451,
    0.9215686274509803,
    0.8823529411764706,
    0.9607843137254902,
    0.9803921568627451,
    0.9411764705882353,
    0.9803921568627451,
    0.9803921568627451,
    1.0,
    0.9607843137254902,
    0.9607843137254902,
    0.9607843137254902,
    0.9019607843137255,
    0.9019607843137255
  ],
  "train_f1": [
    0.4927536231884058,
    0.4927536231884058,
    0.4927536231884058,
    0.4927536231884058,
    0.5536723163841808,
    0.7070707070707071,
    0.6526315789473685,
    0.7272727272727273,
    0.7857142857142857,
    0.8235294117647058,
    0.7916666666666666,
    0.8108108108108109,
    0.8518518518518519,
    0.8703703703703703,
    0.8363636363636363,
    0.8440366972477065,
    0.9174311926605505,
    0.8952380952380953,
    0.8823529411764706,
    0.9158878504672897,
    0.8928571428571429,
    0.8807339449541285,
    0.8849557522123894,
    0.9523809523809523,
    0.918918918918919,
    0.9333333333333333,
    0.9074074074074074,
    0.9245283018867925,
    0.8598130841121495,
    0.9019607843137255
  ],
  "train_roc_auc": [
    0.5570494864612512,
    0.5458450046685341,
    0.5624649859943978,
    0.6802987861811391,
    0.7122315592903828,
    0.8496732026143791,
    0.861437908496732,
    0.9096171802054155,
    0.94640522875817,
    0.9402427637721755,
    0.9490196078431372,
    0.9576097105508871,
    0.9443510737628384,
    0.9645191409897292,
    0.949953314659197,
    0.9581699346405228,
    0.969000933706816,
    0.9796451914098973,
    0.9637721755368814,
    0.9785247432306255,
    0.9830065359477124,
    0.9809523809523809,
    0.9904761904761904,
    0.9889822595704949,
    0.9943977591036415,
    0.9852474323062558,
    0.9747899159663864,
    0.973109243697479,
    0.9671335200746966,
    0.9762838468720821
  ],
  "train_pr_auc": [
    0.39766843220004006,
    0.3452555084435449,
    0.36902822353344855,
    0.4675624382635259,
    0.5444636496036966,
    0.7852775645720818,
    0.7539175264455267,
    0.8155351210764556,
    0.9012144705593687,
    0.8762758952439138,
    0.8709903152075925,
    0.9190183001517513,
    0.8909079407012959,
    0.9223661440349796,
    0.9223512785631477,
    0.9193981718911608,
    0.9140427173702057,
    0.9518095054681079,
    0.9451714253355783,
    0.9571721635905324,
    0.9602988987248244,
    0.9593124474270049,
    0.9810025679514736,
    0.9516449523067494,
    0.9881817113324869,
    0.954445222574211,
    0.936727180041295,
    0.8883754104103553,
    0.9519220541053139,
    0.940362425879925
  ],
  "val_loss": [
    1.1730262637138367,
    1.1285332441329956,
    1.0515665411949158,
    0.9357965290546417,
    0.8110412359237671,
    0.7621377110481262,
    0.7365117967128754,
    0.7216896116733551,
    0.6736727058887482,
    0.631187379360199,
    0.5989669561386108,
    0.5716478824615479,
    0.5528629422187805,
    0.5251888334751129,
    0.5187373161315918,
    0.5080363750457764,
    0.5026748329401016,
    0.518027663230896,
    0.5060301423072815,
    0.48081545531749725,
    0.47131243348121643,
    0.4672008454799652,
    0.4616324305534363,
    0.45477190613746643,
    0.4504319131374359,
    0.4475969672203064,
    0.44571760296821594,
    0.4454905688762665,
    0.4455939531326294,
    0.44562411308288574
  ],
  "val_accuracy": [
    0.275,
    0.275,
    0.275,
    0.275,
    0.675,
    0.85,
    0.85,
    0.8,
    0.8,
    0.8,
    0.8,
    0.8,
    0.85,
    0.875,
    0.875,
    0.875,
    0.85,
    0.85,
    0.85,
    0.85,
    0.875,
    0.875,
    0.875,
    0.875,
    0.875,
    0.875,
    0.875,
    0.875,
    0.875,
    0.875
  ],
  "val_precision": [
    0.275,
    0.275,
    0.275,
    0.275,
    0.45454545454545453,
    0.7777777777777778,
    0.6923076923076923,
    0.5789473684210527,
    0.6363636363636364,
    0.6153846153846154,
    0.6,
    0.5882352941176471,
    0.6666666666666666,
    0.7142857142857143,
    0.7142857142857143,
    0.7142857142857143,
    0.6923076923076923,
    0.6923076923076923,
    0.6923076923076923,
    0.6923076923076923,
    0.7142857142857143,
    0.7142857142857143,
    0.7142857142857143,
    0.7142857142857143,
    0.7142857142857143,
    0.7142857142857143,
    0.7142857142857143,
    0.7142857142857143,
    0.7142857142857143,
    0.7142857142857143
  ],
  "val_recall": [
    1.0,
    1.0,
    1.0,
    1.0,
    0.9090909090909091,
    0.6363636363636364,
    0.8181818181818182,
    1.0,
    0.6363636363636364,
    0.7272727272727273,
    0.8181818181818182,
    0.9090909090909091,
    0.9090909090909091,
    0.9090909090909091,
    0.9090909090909091,
    0.9090909090909091,
    0.8181818181818182,
    0.8181818181818182,
    0.8181818181818182,
    0.8181818181818182,
    0.9090909090909091,
    0.9090909090909091,
    0.9090909090909091,
    0.9090909090909091,
    0.9090909090909091,
    0.9090909090909091,
    0.9090909090909091,
    0.9090909090909091,
    0.9090909090909091,
    0.9090909090909091
  ],
  "val_f1": [
    0.43137254901960786,
    0.43137254901960786,
    0.43137254901960786,
    0.43137254901960786,
    0.6060606060606061,
    0.7,
    0.75,
    0.7333333333333333,
    0.6363636363636364,
    0.6666666666666666,
    0.6923076923076923,
    0.7142857142857143,
    0.7692307692307693,
    0.8,
    0.8,
    0.8,
    0.75,
    0.75,
    0.75,
    0.75,
    0.8,
    0.8,
    0.8,
    0.8,
    0.8,
    0.8,
    0.8,
    0.8,
    0.8,
    0.8
  ],