{
  "train_loss": [
    0.9629634991288185,
    0.9427111595869064,
    0.9075831845402718,
    0.9134125262498856,
    0.8575130999088287,
    0.8009731993079185,
    0.7581327855587006,
    0.7148778662085533,
    0.6589253842830658,
    0.6072625815868378,
    0.6011430770158768,
    0.5054598040878773,
    0.5649645403027534,
    0.5223323963582516,
    0.46615367382764816,
    0.44024986401200294,
    0.4215538874268532,
    0.4376419186592102,
    0.38851476088166237,
    0.3967360854148865,
    0.33588304556906223,
    0.3565205056220293,
    0.36377113312482834,
    0.4047032371163368,
    0.33050202019512653,
    0.33783851377665997,
    0.3519933223724365,
    0.37288168631494045,
    0.37009606696665287,
    0.33310340717434883
  ],
  "train_accuracy": [
    0.3319672131147541,
    0.3319672131147541,
    0.45081967213114754,
    0.6721311475409836,
    0.7418032786885246,
    0.7172131147540983,
    0.7909836065573771,
    0.8360655737704918,
    0.8483606557377049,
    0.860655737704918,
    0.8647540983606558,
    0.8770491803278688,
    0.8729508196721312,
    0.860655737704918,
    0.8852459016393442,
    0.9139344262295082,
    0.9180327868852459,
    0.9016393442622951,
    0.9180327868852459,
    0.9180327868852459,
    0.9385245901639344,
    0.9180327868852459,
    0.9262295081967213,
    0.9057377049180327,
    0.930327868852459,
    0.930327868852459,
    0.9098360655737705,
    0.9139344262295082,
    0.9221311475409836,
    0.9262295081967213
  ],
  "train_precision": [
    0.3292181069958848,
    0.3278008298755187,
    0.3548387096774194,
    0.5,
    0.6491228070175439,
    0.5604395604395604,
    0.6883116883116883,
    0.7564102564102564,
    0.7945205479452054,
    0.7738095238095238,
    0.7974683544303798,
    0.7976190476190477,
    0.855072463768116,
    0.8108108108108109,
    0.825,
    0.8734177215189873,
    0.9054054054054054,
    0.8589743589743589,
    0.8658536585365854,
    0.8571428571428571,
    0.8735632183908046,
    0.9054054054054054,
    0.8875,
    0.9014084507042254,
    0.9315068493150684,
    0.9090909090909091,
    0.8717948717948718,
    0.9154929577464789,
    0.9066666666666666,
    0.8875
  ],
  "train_recall": [
    1.0,
    0.9875,
    0.825,
    0.3125,
    0.4625,
    0.6375,
    0.6625,
    0.7375,
    0.725,
    0.8125,
    0.7875,
    0.8375,
    0.7375,
    0.75,
    0.825,
    0.8625,
    0.8375,
    0.8375,
    0.8875,
    0.9,
    0.95,
    0.8375,
    0.8875,
    0.8,
    0.85,
    0.875,
    0.85,
    0.8125,
    0.85,
    0.8875
  ],
  "train_f1": [
    0.4953560371517028,
    0.49221183800623053,
    0.49624060150375937,
    0.38461538461538464,
    0.5401459854014599,
    0.5964912280701754,
    0.6751592356687898,
    0.7468354430379747,
    0.7581699346405228,
    0.7926829268292683,
    0.7924528301886793,
    0.8170731707317073,
    0.7919463087248322,
    0.7792207792207793,
    0.825,
    0.8679245283018868,
    0.8701298701298701,
    0.8481012658227848,
    0.8765432098765432,
    0.8780487804878049,
    0.9101796407185628,
    0.8701298701298701,
    0.8875,
    0.847682119205298,
    0.8888888888888888,
    0.89171974522293,
    0.8607594936708861,
    0.8609271523178808,
    0.8774193548387097,
    0.8875
  ],
  "train_roc_auc": [
    0.5536585365853659,
    0.6259908536585366,
    0.6397103658536586,
    0.6272103658536585,
    0.7170731707317073,
    0.7945121951219513,
    0.8211128048780487,
    0.8253048780487804,
    0.8577743902439023,
    0.9035060975609757,
    0.8880335365853658,
    0.9333841463414634,
    0.8854420731707316,
    0.9399390243902439,
    0.9496951219512195,
    0.946189024390244,
    0.9566310975609756,
    0.9346798780487804,
    0.9555640243902439,
    0.9478658536585365,
    0.9738567073170732,
    0.9698932926829268,
    0.9597560975609756,
    0.9653201219512195,
    0.9739329268292682,
    0.9678353658536586,
    0.9639481707317074,
    0.970045731707317,
    0.9569359756097562,
    0.9721036585365854
  ],
  "train_pr_auc": [
    0.47425090691869376,
    0.49971208357653557,
    0.5401073543020602,
    0.4821252286690334,
    0.5742040551747811,
    0.6947307811817981,
    0.7548560739227012,
    0.7696015590133117,
    0.8273694084010547,
    0.8407697935113636,
    0.8124405448217634,
    0.8909671110947669,
    0.8289540683660396,
    0.8827876795056627,
    0.9089984981287514,
    0.9154330886202622,
    0.9017625300587824,
    0.8796491381610916,
    0.9052698443125543,
    0.896828582417616,
    0.9443288618612236,
    0.949496390578983,
    0.9344340453984614,
    0.9416056163813232,
    0.9579346199093698,
    0.9490284603382052,
    0.9441026891912246,
    0.9516505073590089,
    0.9347047538979854,
    0.9556861184327564
  ],
  "val_loss": [
    0.9261224567890167,
    0.9022118151187897,
    0.8472642600536346,
    0.8193263113498688,
    0.762612521648407,
    0.7212856709957123,
    0.6553344428539276,
    0.5367709994316101,
    0.4822078049182892,
    0.45669905841350555,
    0.404349684715271,
    0.3608286827802658,
    0.34558019042015076,
    0.3116886019706726,
    0.2849101126194,
    0.2775369882583618,
    0.23436657339334488,
    0.21986398845911026,
    0.1863894909620285,
    0.1783951297402382,
    0.16433896869421005,
    0.15947487950325012,
    0.156694233417511,
    0.1565975397825241,
    0.15514472872018814,
    0.15285660326480865,
    0.1519034132361412,
    0.15144432336091995,
    0.151217021048069,
    0.1511658877134323
  ],
  "val_accuracy": [
    0.3548387096774194,
    0.3548387096774194,
    0.8064516129032258,
    0.8225806451612904,
    0.8387096774193549,
    0.8548387096774194,
    0.8709677419354839,
    0.9354838709677419,
    0.9354838709677419,
    0.9354838709677419,
    0.9516129032258065,
    0.9516129032258065,
    0.9516129032258065,
    0.9516129032258065,
    0.967741935483871,
    0.967741935483871,
    0.9838709677419355,
    0.9838709677419355,
    1.0,
    1.0,
    1.0,
    1.0,
    1.0,
    1.0,
    1.0,
    1.0,
    1.0,
    1.0,
    1.0,
    1.0
  ],
  "val_precision": [
    0.3548387096774194,
    0.3548387096774194,
    0.8125,
    1.0,
    0.9285714285714286,
    0.9333333333333333,
    0.9375,
    0.95,
    0.95,
    0.95,
    0.9523809523809523,
    0.9523809523809523,
    1.0,
    0.9523809523809523,
    0.9545454545454546,
    1.0,
    1.0,
    1.0,
    1.0,
    1.0,
    1.0,
    1.0,
    1.0,
    1.0,
    1.0,
    1.0,
    1.0,
    1.0,
    1.0,
    1.0
  ],
  "val_recall": [
    1.0,
    1.0,
    0.5909090909090909,
    0.5,
    0.5909090909090909,
    0.6363636363636364,
    0.6818181818181818,
    0.8636363636363636,
    0.8636363636363636,
    0.8636363636363636,
    0.9090909090909091,
    0.9090909090909091,
    0.8636363636363636,
    0.9090909090909091,
    0.9545454545454546,
    0.9090909090909091,
    0.9545454545454546,
    0.9545454545454546,
    1.0,
    1.0,
    1.0,
    1.0,
    1.0,
    1.0,
    1.0,
    1.0,
    1.0,
    1.0,
    1.0,
    1.0
  ],
  "val_f1": [
    0.5238095238095238,
    0.5238095238095238,
    0.6842105263157895,
    0.6666666666666666,
    0.7222222222222222,
    0.7567567567567568,
    0.7894736842105263,
    0.9047619047619048,
    0.9047619047619048,
    0.9047619047619048,
    0.9302325581395349,
    0.9302325581395349,
    0.926829268292683,
    0.9302325581395349,
    0.9545454545454546,
    0.9523809523809523,
    0.9767441860465116,
    0.9767441860465116,
    1.0,
    1.0,
    1.0,
    1.0,
    1.0,
    1.0,
    1.0,
    1.0,
    1.0,
    1.0,
    1.0,
    1.0
  ],