{
  "train_loss": [
    0.977750651538372,
    0.9677955880761147,
    0.9379286766052246,
    0.9134527444839478,
    0.8892990127205849,
    0.8613235056400299,
    0.801419235765934,
    0.7257420718669891,
    0.706659946590662,
    0.6175541207194328,
    0.568256326019764,
    0.5305120274424553,
    0.47361738607287407,
    0.3967772610485554,
    0.41536181420087814,
    0.34882221929728985,
    0.33305141143500805,
    0.2914889696985483,
    0.3378399759531021,
    0.30452171340584755,
    0.32996476255357265,
    0.24651085399091244,
    0.2680455166846514,
    0.2506453897804022,
    0.24159391783177853,
    0.2616618312895298,
    0.3085190746933222,
    0.1911369226872921,
    0.24823669251054525,
    0.2647872045636177
  ],
  "train_accuracy": [
    0.6721311475409836,
    0.6680327868852459,
    0.610655737704918,
    0.5819672131147541,
    0.6352459016393442,
    0.7049180327868853,
    0.7254098360655737,
    0.7540983606557377,
    0.7581967213114754,
    0.7704918032786885,
    0.8032786885245902,
    0.8360655737704918,
    0.8442622950819673,
    0.889344262295082,
    0.8524590163934426,
    0.9057377049180327,
    0.9139344262295082,
    0.9098360655737705,
    0.9016393442622951,
    0.9262295081967213,
    0.9180327868852459,
    0.930327868852459,
    0.9180327868852459,
    0.9385245901639344,
    0.9262295081967213,
    0.9385245901639344,
    0.9016393442622951,
    0.9631147540983607,
    0.9426229508196722,
    0.930327868852459
  ],
  "train_precision": [
    0.0,
    0.0,
    0.2222222222222222,
    0.4166666666666667,
    0.46616541353383456,
    0.5487804878048781,
    0.5619047619047619,
    0.5892857142857143,
    0.6105263157894737,
    0.6153846153846154,
    0.6428571428571429,
    0.6818181818181818,
    0.6981132075471698,
    0.7912087912087912,
    0.7391304347826086,
    0.8131868131868132,
    0.8314606741573034,
    0.8222222222222222,
    0.85,
    0.8690476190476191,
    0.8333333333333334,
    0.8461538461538461,
    0.8260869565217391,
    0.8823529411764706,
    0.8369565217391305,
    0.8823529411764706,
    0.8333333333333334,
    0.9176470588235294,
    0.8928571428571429,
    0.8620689655172413
  ],
  "train_recall": [
    0.0,
    0.0,
    0.075,
    0.6875,
    0.775,
    0.5625,
    0.7375,
    0.825,
    0.725,
    0.8,
    0.9,
    0.9375,
    0.925,
    0.9,
    0.85,
    0.925,
    0.925,
    0.925,
    0.85,
    0.9125,
    0.9375,
    0.9625,
    0.95,
    0.9375,
    0.9625,
    0.9375,
    0.875,
    0.975,
    0.9375,
    0.9375
  ],
  "train_f1": [
    0.0,
    0.0,
    0.11214953271028037,
    0.5188679245283019,
    0.5821596244131455,
    0.5555555555555556,
    0.6378378378378379,
    0.6875,
    0.6628571428571428,
    0.6956521739130435,
    0.75,
    0.7894736842105263,
    0.7956989247311828,
    0.8421052631578947,
    0.7906976744186046,
    0.8654970760233918,
    0.8757396449704142,
    0.8705882352941177,
    0.85,
    0.8902439024390244,
    0.8823529411764706,
    0.9005847953216374,
    0.8837209302325582,
    0.9090909090909091,
    0.8953488372093024,
    0.9090909090909091,
    0.8536585365853658,
    0.9454545454545454,
    0.9146341463414634,
    0.8982035928143712
  ],
  "train_roc_auc": [
    0.45945121951219514,
    0.5223323170731707,
    0.5227134146341463,
    0.6532012195121951,
    0.7030487804878048,
    0.7402439024390244,
    0.8066310975609756,
    0.833689024390244,
    0.8369664634146341,
    0.878125,
    0.8923018292682927,
    0.9023628048780489,
    0.930030487804878,
    0.9548780487804878,
    0.9512957317073171,
    0.9634146341463414,
    0.9717225609756097,
    0.9777439024390244,
    0.9697408536585366,
    0.9752286585365855,
    0.9701981707317073,
    0.9867378048780487,
    0.9815548780487805,
    0.9816310975609757,
    0.9838414634146342,
    0.9830030487804877,
    0.970579268292683,
    0.9927591463414634,
    0.9800304878048781,
    0.9767530487804879
  ],
  "train_pr_auc": [
    0.2930012685501926,
    0.35701283557767993,
    0.32828899896521213,
    0.5030179095898997,
    0.499281155591383,
    0.5249122120419527,
    0.5964588733298033,
    0.65272825850103,
    0.6821961656779354,
    0.7505483405775908,
    0.7809815589898884,
    0.7708841796731953,
    0.8372326472939478,
    0.9022012197259817,
    0.9100365219284957,
    0.9028563852462415,
    0.9389083198906968,
    0.9482256914006708,
    0.9385460367363996,
    0.9510254164400335,
    0.9347507075090937,
    0.9726455462275113,
    0.9532190130458588,
    0.9620378463287231,
    0.9614644944149577,
    0.9637810469309036,
    0.9548116912986903,
    0.9838468565250295,
    0.9714005343333225,
    0.9584272666197904
  ],
  "val_loss": [
    0.9995787143707275,
    0.9673734903335571,
    0.9357078075408936,
    0.9069793522357941,
    0.856723427772522,
    0.7935929000377655,
    0.6980570554733276,
    0.5881481468677521,
    0.502166673541069,
    0.4359795153141022,
    0.3724694699048996,
    0.30990883708000183,
    0.24930422008037567,
    0.19213208556175232,
    0.14451877772808075,
    0.12405950203537941,
    0.11164268851280212,
    0.10819588229060173,
    0.10984816774725914,
    0.08633377403020859,
    0.08918667584657669,
    0.081412423402071,
    0.07213562913239002,
    0.06951429136097431,
    0.0698468629270792,
    0.07029011659324169,
    0.06972390972077847,
    0.06941378302872181,
    0.06912133283913136,
    0.06905119493603706
  ],
  "val_accuracy": [
    0.6451612903225806,
    0.6451612903225806,
    0.7258064516129032,
    0.8064516129032258,
    0.7903225806451613,
    0.8064516129032258,
    0.8548387096774194,
    0.8870967741935484,
    0.9354838709677419,
    0.8709677419354839,
    0.9032258064516129,
    0.9354838709677419,
    0.967741935483871,
    0.9516129032258065,
    0.967741935483871,
    0.9838709677419355,
    0.9838709677419355,
    1.0,
    0.9838709677419355,
    0.9838709677419355,
    0.9838709677419355,
    0.9838709677419355,
    0.9838709677419355,
    1.0,
    1.0,
    1.0,
    1.0,
    1.0,
    1.0,
    1.0
  ],
  "val_precision": [
    0.0,
    0.0,
    0.6470588235294118,
    0.65625,
    0.7368421052631579,
    0.8125,
    0.7407407407407407,
    0.8,
    0.9090909090909091,
    0.75,
    0.8076923076923077,
    0.9090909090909091,
    0.9166666666666666,
    0.9130434782608695,
    0.9166666666666666,
    0.9565217391304348,
    0.9565217391304348,
    1.0,
    1.0,
    0.9565217391304348,
    0.9565217391304348,
    0.9565217391304348,
    0.9565217391304348,
    1.0,
    1.0,
    1.0,
    1.0,
    1.0,
    1.0,
    1.0
  ],
  "val_recall": [
    0.0,
    0.0,
    0.5,
    0.9545454545454546,
    0.6363636363636364,
    0.5909090909090909,
    0.9090909090909091,
    0.9090909090909091,
    0.9090909090909091,
    0.9545454545454546,
    0.9545454545454546,
    0.9090909090909091,
    1.0,
    0.9545454545454546,
    1.0,
    1.0,
    1.0,
    1.0,
    0.9545454545454546,
    1.0,
    1.0,
    1.0,
    1.0,
    1.0,
    1.0,
    1.0,
    1.0,
    1.0,
    1.0,
    1.0
  ],
  "val_f1": [
    0.0,
    0.0,
    0.5641025641025641,
    0.7777777777777778,
    0.6829268292682927,
    0.6842105263157895,
    0.8163265306122449,
    0.851063829787234,
    0.9090909090909091,
    0.84,
    0.875,
    0.9090909090909091,
    0.9565217391304348,
    0.9333333333333333,
    0.9565217391304348,
    0.9777777777777777,
    0.9777777777777777,
    1.0,
    0.9767441860465116,
    0.9777777777777777,
    0.9777777777777777,
    0.9777777777777777,
    0.9777777777777777,
    1.0,
    1.0,
    1.0,
    1.0,
    1.0,
    1.0,
    1.0
  ],