{
  "train_loss": [
    0.9416141390800477,
    0.9072248339653015,
    0.8826512694358826,
    0.8037508606910706,
    0.7304297089576721,
    0.6978762030601502,
    0.6160971820354462,
    0.5763237357139588,
    0.5591488718986511,
    0.5139792442321778,
    0.4995414435863495,
    0.46024206280708313,
    0.39792242646217346,
    0.40997843742370604,
    0.42912558317184446,
    0.4173785984516144,
    0.3557773053646088,
    0.3753750264644623,
    0.37298605442047117,
    0.33486292958259584,
    0.3476767480373383,
    0.32943263053894045,
    0.30398236513137816,
    0.31182671785354615,
    0.3206899166107178,
    0.30769444406032564,
    0.3422839194536209
  ],
  "train_accuracy": [
    0.34615384615384615,
    0.40384615384615385,
    0.5641025641025641,
    0.6730769230769231,
    0.8910256410256411,
    0.8012820512820513,
    0.8910256410256411,
    0.8717948717948718,
    0.8782051282051282,
    0.9102564102564102,
    0.9230769230769231,
    0.9358974358974359,
    0.9358974358974359,
    0.9230769230769231,
    0.9102564102564102,
    0.9102564102564102,
    0.9294871794871795,
    0.9166666666666666,
    0.9102564102564102,
    0.9294871794871795,
    0.9294871794871795,
    0.9358974358974359,
    0.9358974358974359,
    0.9487179487179487,
    0.9358974358974359,
    0.9423076923076923,
    0.9230769230769231
  ],
  "train_precision": [
    0.3333333333333333,
    0.352112676056338,
    0.42735042735042733,
    0.5,
    0.8035714285714286,
    0.631578947368421,
    0.8269230769230769,
    0.7540983606557377,
    0.75,
    0.8363636363636363,
    0.8679245283018868,
    0.8727272727272727,
    0.8360655737704918,
    0.8823529411764706,
    0.8775510204081632,
    0.8363636363636363,
    0.8333333333333334,
    0.8275862068965517,
    0.8032786885245902,
    0.8448275862068966,
    0.8703703703703703,
    0.8727272727272727,
    0.9019607843137255,
    0.8909090909090909,
    0.8867924528301887,
    0.92,
    0.8679245283018868
  ],
  "train_recall": [
    1.0,
    0.9803921568627451,
    0.9803921568627451,
    0.9803921568627451,
    0.8823529411764706,
    0.9411764705882353,
    0.8431372549019608,
    0.9019607843137255,
    0.9411764705882353,
    0.9019607843137255,
    0.9019607843137255,
    0.9411764705882353,
    1.0,
    0.8823529411764706,
    0.8431372549019608,
    0.9019607843137255,
    0.9803921568627451,
    0.9411764705882353,
    0.9607843137254902,
    0.9607843137254902,
    0.9215686274509803,
    0.9411764705882353,
    0.9019607843137255,
    0.9607843137254902,
    0.9215686274509803,
    0.9019607843137255,
    0.9019607843137255
  ],
  "train_f1": [
    0.5,
    0.5181347150259067,
    0.5952380952380952,
    0.6622516556291391,
    0.8411214953271028,
    0.7559055118110236,
    0.8349514563106796,
    0.8214285714285714,
    0.8347826086956521,
    0.8679245283018868,
    0.8846153846153846,
    0.9056603773584906,
    0.9107142857142857,
    0.8823529411764706,
    0.86,
    0.8679245283018868,
    0.9009009009009009,
    0.8807339449541285,
    0.875,
    0.8990825688073395,
    0.8952380952380953,
    0.9056603773584906,
    0.9019607843137255,
    0.9245283018867925,
    0.9038461538461539,
    0.9108910891089109,
    0.8846153846153846
  ],
  "train_roc_auc": [
    0.5676937441643324,
    0.7454715219421102,
    0.776844070961718,
    0.9170868347338936,
    0.9437908496732026,
    0.9178338001867413,
    0.9533146591970121,
    0.9658263305322129,
    0.9417366946778711,
    0.9630252100840337,
    0.9630252100840336,
    0.9551820728291317,
    0.9867413632119514,
    0.9747899159663865,
    0.9671335200746966,
    0.9503267973856209,
    0.9779645191409898,
    0.9678804855275442,
    0.9564892623716152,
    0.9759103641456582,
    0.9798319327731093,
    0.9706816059757236,
    0.9876750700280111,
    0.9781512605042015,
    0.9803921568627452,
    0.9815126050420168,
    0.9721755368814191
  ],
  "train_pr_auc": [
    0.420014438114916,
    0.5661098969909772,
    0.5686845256381386,
    0.847452763003274,
    0.8948481809410973,
    0.8588097757462754,
    0.9314702322558639,
    0.9382656669109899,
    0.8514539933934974,
    0.9000260857062765,
    0.9199751782512706,
    0.9301070536354499,
    0.9741062209202204,
    0.9571601869260833,
    0.954685964498515,
    0.9319889101951385,
    0.9492204679907559,
    0.9131512283023709,
    0.910801787878703,
    0.9298785016930338,
    0.9640351284408442,
    0.9139641914059248,
    0.9749793348076469,
    0.9540609125942842,
    0.9630049996748559,
    0.9676291170708394,
    0.9401069104824387
  ],
  "val_loss": [
    0.9111332893371582,
    0.8703211843967438,
    0.8213121294975281,
    0.7465536594390869,
    0.6814286708831787,
    0.6387380063533783,
    0.604678750038147,
    0.6225455105304718,
    0.5328597873449326,
    0.6665681451559067,
    0.5099431574344635,
    0.4864630550146103,
    0.4825236052274704,
    0.5053072571754456,
    0.535820484161377,
    0.47499802708625793,
    0.47359903156757355,
    0.4591841995716095,
    0.4427604377269745,
    0.4467046409845352,
    0.45824964344501495,
    0.4653538465499878,
    0.4652903974056244,
    0.4657716155052185,
    0.461558535695076,
    0.4573241025209427,
    0.45370861887931824
  ],
  "val_accuracy": [
    0.275,
    0.375,
    0.5,
    0.9,
    0.9,
    0.825,
    0.925,
    0.75,
    0.9,
    0.9,
    0.9,
    0.9,
    0.925,
    0.9,
    0.9,
    0.875,
    0.85,
    0.875,
    0.9,
    0.925,
    0.9,
    0.9,
    0.9,
    0.9,
    0.9,
    0.9,
    0.9
  ],
  "val_precision": [
    0.275,
    0.3055555555555556,
    0.3548387096774194,
    0.8181818181818182,
    0.8181818181818182,
    0.625,
    0.8333333333333334,
    0.5263157894736842,
    0.7692307692307693,
    0.8181818181818182,
    0.7692307692307693,
    0.7692307692307693,
    0.8333333333333334,
    0.8181818181818182,
    0.8181818181818182,
    0.7142857142857143,
    0.6666666666666666,
    0.7142857142857143,
    0.7692307692307693,
    0.8333333333333334,
    0.8181818181818182,
    0.8181818181818182,
    0.8181818181818182,
    0.8181818181818182,
    0.8181818181818182,
    0.8181818181818182,
    0.8181818181818182
  ],
  "val_recall": [
    1.0,
    1.0,
    1.0,
    0.8181818181818182,
    0.8181818181818182,
    0.9090909090909091,
    0.9090909090909091,
    0.9090909090909091,
    0.9090909090909091,
    0.8181818181818182,
    0.9090909090909091,
    0.9090909090909091,
    0.9090909090909091,
    0.8181818181818182,
    0.8181818181818182,
    0.9090909090909091,
    0.9090909090909091,
    0.9090909090909091,
    0.9090909090909091,
    0.9090909090909091,
    0.8181818181818182,
    0.8181818181818182,
    0.8181818181818182,
    0.8181818181818182,
    0.8181818181818182,
    0.8181818181818182,
    0.8181818181818182
  ],
  "val_f1": [
    0.43137254901960786,
    0.46808510638297873,
    0.5238095238095238,
    0.8181818181818182,
    0.8181818181818182,
    0.7407407407407407,
    0.8695652173913043,
    0.6666666666666666,
    0.8333333333333334,
    0.8181818181818182,
    0.8333333333333334,
    0.8333333333333334,
    0.8695652173913043,
    0.8181818181818182,
    0.8181818181818182,
    0.8,
    0.7692307692307693,
    0.8,
    0.8333333333333334,
    0.8695652173913043,
    0.8181818181818182,
    0.8181818181818182,
    0.8181818181818182,
    0.8181818181818182,
    0.8181818181818182,
    0.8181818181818182,
    0.8181818181818182
  ],