{
  "train_loss": [
    0.9671302556991577,
    0.9398292303085327,
    0.9203421235084533,
    0.8959439754486084,
    0.8553185105323792,
    0.8076948285102844,
    0.6977324843406677,
    0.6242915391921997,
    0.4982825815677643,
    0.43502017855644226,
    0.4198316395282745,
    0.37402139902114867,
    0.3108793795108795,
    0.2851200371980667,
    0.2855205565690994,
    0.30317904651165006,
    0.28378316164016726,
    0.27525382339954374,
    0.27838691473007204,
    0.2629182130098343,
    0.23734772801399232,
    0.23643665313720702,
    0.22719190120697022
  ],
  "train_accuracy": [
    0.33974358974358976,
    0.3333333333333333,
    0.40384615384615385,
    0.6217948717948718,
    0.7692307692307693,
    0.8205128205128205,
    0.8846153846153846,
    0.8525641025641025,
    0.8653846153846154,
    0.8974358974358975,
    0.8717948717948718,
    0.8974358974358975,
    0.9166666666666666,
    0.9358974358974359,
    0.9102564102564102,
    0.9166666666666666,
    0.9230769230769231,
    0.9294871794871795,
    0.9230769230769231,
    0.9230769230769231,
    0.9423076923076923,
    0.9358974358974359,
    0.9423076923076923
  ],
  "train_precision": [
    0.33116883116883117,
    0.32903225806451614,
    0.34782608695652173,
    0.44871794871794873,
    0.6415094339622641,
    0.7346938775510204,
    0.7796610169491526,
    0.75,
    0.75,
    0.7868852459016393,
    0.7627118644067796,
    0.7966101694915254,
    0.8275862068965517,
    0.8596491228070176,
    0.8135593220338984,
    0.8518518518518519,
    0.8545454545454545,
    0.8448275862068966,
    0.8305084745762712,
    0.8305084745762712,
    0.8888888888888888,
    0.8727272727272727,
    0.8620689655172413
  ],
  "train_recall": [
    1.0,
    1.0,
    0.9411764705882353,
    0.6862745098039216,
    0.6666666666666666,
    0.7058823529411765,
    0.9019607843137255,
    0.8235294117647058,
    0.8823529411764706,
    0.9411764705882353,
    0.8823529411764706,
    0.9215686274509803,
    0.9411764705882353,
    0.9607843137254902,
    0.9411764705882353,
    0.9019607843137255,
    0.9215686274509803,
    0.9607843137254902,
    0.9607843137254902,
    0.9607843137254902,
    0.9411764705882353,
    0.9411764705882353,
    0.9803921568627451
  ],
  "train_f1": [
    0.4975609756097561,
    0.49514563106796117,
    0.5079365079365079,
    0.5426356589147286,
    0.6538461538461539,
    0.72,
    0.8363636363636363,
    0.7850467289719626,
    0.8108108108108109,
    0.8571428571428571,
    0.8181818181818182,
    0.8545454545454545,
    0.8807339449541285,
    0.9074074074074074,
    0.8727272727272727,
    0.8761904761904762,
    0.8867924528301887,
    0.8990825688073395,
    0.8909090909090909,
    0.8909090909090909,
    0.9142857142857143,
    0.9056603773584906,
    0.9174311926605505
  ],
  "train_roc_auc": [
    0.4851540616246499,
    0.603734827264239,
    0.6634920634920635,
    0.7137254901960784,
    0.842203548085901,
    0.8905695611577964,
    0.9529411764705883,
    0.9331465919701214,
    0.9624649859943978,
    0.9587301587301587,
    0.9633986928104575,
    0.9716153127917833,
    0.9796451914098973,
    0.9850606909430438,
    0.9858076563958916,
    0.9788982259570495,
    0.9816993464052287,
    0.9843137254901961,
    0.9794584500466853,
    0.9852474323062559,
    0.9867413632119515,
    0.988235294117647,
    0.9858076563958917
  ],
  "train_pr_auc": [
    0.3309912349162333,
    0.4655654803016952,
    0.46764597313591916,
    0.5542633964304965,
    0.7408453090113976,
    0.8338713423795413,
    0.9272876271094319,
    0.8772640912673791,
    0.9321617796777661,
    0.9188092619890775,
    0.9361535328567199,
    0.9463013937049991,
    0.9536745853599117,
    0.9726607107107015,
    0.9723812722149076,
    0.9571876068263159,
    0.9670218786914951,
    0.9667634277016119,
    0.9559603953880762,
    0.9739836361843677,
    0.9739823447780414,
    0.9768354475205805,
    0.9681487312632726
  ],
  "val_loss": [
    0.9482743442058563,
    0.9154469072818756,
    0.8680490851402283,
    0.8372786939144135,
    0.8012391030788422,
    0.7433885037899017,
    0.672351598739624,
    0.5814069509506226,
    0.5342991650104523,
    0.4847889840602875,
    0.5038357377052307,
    0.46078142523765564,
    0.4186275750398636,
    0.39579634368419647,
    0.3677826225757599,
    0.3875107169151306,
    0.42389313876628876,
    0.4322633743286133,
    0.4231525659561157,
    0.4117839187383652,
    0.4015517085790634,
    0.4018947035074234,
    0.4018178880214691
  ],
  "val_accuracy": [
    0.275,
    0.275,
    0.5,
    0.85,
    0.825,
    0.775,
    0.725,
    0.775,
    0.725,
    0.775,
    0.8,
    0.825,
    0.875,
    0.875,
    0.925,
    0.875,
    0.875,
    0.875,
    0.875,
    0.875,
    0.875,
    0.875,
    0.875
  ],
  "val_precision": [
    0.275,
    0.275,
    0.3448275862068966,
    0.8571428571428571,
    0.7,
    0.5833333333333334,
    0.5,
    0.5625,
    0.5,
    0.5625,
    0.5882352941176471,
    0.625,
    0.7142857142857143,
    0.7142857142857143,
    0.8333333333333334,
    0.7142857142857143,
    0.7142857142857143,
    0.7142857142857143,
    0.7142857142857143,
    0.7142857142857143,
    0.7142857142857143,
    0.7142857142857143,
    0.7142857142857143
  ],
  "val_recall": [
    1.0,
    1.0,
    0.9090909090909091,
    0.5454545454545454,
    0.6363636363636364,
    0.6363636363636364,
    0.8181818181818182,
    0.8181818181818182,
    0.8181818181818182,
    0.8181818181818182,
    0.9090909090909091,
    0.9090909090909091,
    0.9090909090909091,
    0.9090909090909091,
    0.9090909090909091,
    0.9090909090909091,
    0.9090909090909091,
    0.9090909090909091,
    0.9090909090909091,
    0.9090909090909091,
    0.9090909090909091,
    0.9090909090909091,
    0.9090909090909091
  ],
  "val_f1": [
    0.43137254901960786,
    0.43137254901960786,
    0.5,
    0.6666666666666666,
    0.6666666666666666,
    0.6086956521739131,
    0.6206896551724138,
    0.6666666666666666,
    0.6206896551724138,
    0.6666666666666666,
    0.7142857142857143,
    0.7407407407407407,
    0.8,
    0.8,
    0.8695652173913043,
    0.8,
    0.8,
    0.8,
    0.8,
    0.8,
    0.8,
    0.8,
    0.8
  ],
  "val_roc_auc": [
    0.6018808777429467,
    0.6927899686520376,
    0.8150470219435737,
    0.8934169278996865,
    0.9059561128526645,
    0.8934169278996865,
    0.9028213166144201,
    0.9122257053291536,
    0.9247648902821317,
    0.9247648902821317,
    0.9310344827586207,
    0.9498432601880877,
    0.9529780564263323,
    0.9592476489028213,
    0.9623824451410659,
    0.9623824451410659,
    0.9655172413793103,
    0.9655172413793103,
    0.9655172413793103,
    0.9655172413793104,
    0.9655172413793104,
    0.9655172413793103,
    0.9655172413793103
  ],
  "val_pr_auc": [
    0.47181870065882603,
    0.6592810042007903,
    0.7586208404390223,
    0.8283522033522034,
    0.839991674991675,
    0.8272325043377674,
    0.847753649858913,
    0.8615415286467918,
    0.8828770332826917,
    0.8734896815040356,
    0.8694739603830514,
    0.900118316027407,
    0.9059458218549128,
    0.9115013774104683,
    0.9147693512666775,
    0.9147693512666775,
    0.9184458218549127,
    0.9184458218549129,
    0.9184458218549127,
    0.9184458218549127,
    0.9184458218549127,
    0.9184458218549127,
    0.9184458218549127
  ],