{
  "train_loss": [
    0.9230202436447144,
    0.9269086122512817,
    0.9038176774978638,
    0.8469564199447632,
    0.7578158497810363,
    0.6516999721527099,
    0.6092966258525848,
    0.5286733567714691,
    0.4694137990474701,
    0.45719282031059266,
    0.38334507346153257,
    0.3533258378505707,
    0.31883081793785095,
    0.3008792072534561,
    0.2581504493951797,
    0.2774842768907547,
    0.28467350602149966,
    0.289121875166893,
    0.2995770752429962,
    0.23538547456264497,
    0.28807052969932556,
    0.1967044860124588,
    0.23082820922136307,
    0.23120255768299103,
    0.21269032955169678,
    0.1881109356880188,
    0.27117496728897095,
    0.21783553659915925,
    0.2309337615966797,
    0.24245748221874236
  ],
  "train_accuracy": [
    0.36538461538461536,
    0.38461538461538464,
    0.5448717948717948,
    0.6730769230769231,
    0.7884615384615384,
    0.8141025641025641,
    0.8782051282051282,
    0.8846153846153846,
    0.8846153846153846,
    0.8974358974358975,
    0.9102564102564102,
    0.9423076923076923,
    0.9166666666666666,
    0.9230769230769231,
    0.9423076923076923,
    0.9294871794871795,
    0.9294871794871795,
    0.9294871794871795,
    0.9294871794871795,
    0.9551282051282052,
    0.9358974358974359,
    0.9423076923076923,
    0.9551282051282052,
    0.9487179487179487,
    0.9487179487179487,
    0.967948717948718,
    0.9423076923076923,
    0.9487179487179487,
    0.9358974358974359,
    0.9423076923076923
  ],
  "train_precision": [
    0.34,
    0.3381294964028777,
    0.40384615384615385,
    0.5,
    0.625,
    0.6774193548387096,
    0.8478260869565217,
    0.8113207547169812,
    0.7894736842105263,
    0.8431372549019608,
    0.8936170212765957,
    0.92,
    0.8064516129032258,
    0.8679245283018868,
    0.8888888888888888,
    0.8571428571428571,
    0.8703703703703703,
    0.8703703703703703,
    0.8703703703703703,
    0.9074074074074074,
    0.9019607843137255,
    0.8888888888888888,
    0.8928571428571429,
    0.8909090909090909,
    0.8909090909090909,
    0.9259259259259259,
    0.9038461538461539,
    0.9056603773584906,
    0.8727272727272727,
    0.8888888888888888
  ],
  "train_recall": [
    1.0,
    0.9215686274509803,
    0.8235294117647058,
    0.7058823529411765,
    0.8823529411764706,
    0.8235294117647058,
    0.7647058823529411,
    0.8431372549019608,
    0.8823529411764706,
    0.8431372549019608,
    0.8235294117647058,
    0.9019607843137255,
    0.9803921568627451,
    0.9019607843137255,
    0.9411764705882353,
    0.9411764705882353,
    0.9215686274509803,
    0.9215686274509803,
    0.9215686274509803,
    0.9607843137254902,
    0.9019607843137255,
    0.9411764705882353,
    0.9803921568627451,
    0.9607843137254902,
    0.9607843137254902,
    0.9803921568627451,
    0.9215686274509803,
    0.9411764705882353,
    0.9411764705882353,
    0.9411764705882353
  ],
  "train_f1": [
    0.5074626865671642,
    0.49473684210526314,
    0.5419354838709678,
    0.5853658536585366,
    0.7317073170731707,
    0.7433628318584071,
    0.8041237113402062,
    0.8269230769230769,
    0.8333333333333334,
    0.8431372549019608,
    0.8571428571428571,
    0.9108910891089109,
    0.8849557522123894,
    0.8846153846153846,
    0.9142857142857143,
    0.897196261682243,
    0.8952380952380953,
    0.8952380952380953,
    0.8952380952380953,
    0.9333333333333333,
    0.9019607843137255,
    0.9142857142857143,
    0.9345794392523364,
    0.9245283018867925,
    0.9245283018867925,
    0.9523809523809523,
    0.912621359223301,
    0.9230769230769231,
    0.9056603773584906,
    0.9142857142857143
  ],
  "train_roc_auc": [
    0.6830999066293183,
    0.6123249299719887,
    0.6392156862745098,
    0.7581699346405228,
    0.8840336134453782,
    0.9310924369747899,
    0.9236227824463119,
    0.9559290382819794,
    0.9678804855275444,
    0.9585434173669468,
    0.9755368814192343,
    0.9701213818860878,
    0.9820728291316527,
    0.9828197945845005,
    0.9871148459383753,
    0.9807656395891691,
    0.980578898225957,
    0.9788982259570495,
    0.9719887955182073,
    0.9906629318394025,
    0.9818860877684408,
    0.9945845004668534,
    0.9867413632119514,
    0.9772175536881418,
    0.9893557422969188,
    0.9906629318394025,
    0.9788982259570495,
    0.9876750700280112,
    0.9835667600373483,
    0.9818860877684407
  ],
  "train_pr_auc": [
    0.5537333950831802,
    0.4161233250130162,
    0.41855120840266885,
    0.5591448647736439,
    0.805317420743133,
    0.8980203134538529,
    0.9031337261042444,
    0.9199521934657452,
    0.9394335652724952,
    0.9358721531651435,
    0.9567351457506656,
    0.9332513690598081,
    0.9640668893957516,
    0.963966506940383,
    0.9806919362481292,
    0.9337142376072084,
    0.954751853584554,
    0.9570249170600738,
    0.9385737814177665,
    0.9816041832397862,
    0.9657847295440579,
    0.9896219721710278,
    0.9767403080959336,
    0.9640619558638549,
    0.9769974024014527,
    0.9840129477609569,
    0.949041344169295,
    0.9658334443253104,
    0.9486617890286628,
    0.9470219920591725
  ],
  "val_loss": [
    0.9325558543205261,
    0.8815916776657104,
    0.8262759447097778,
    0.7731379270553589,
    0.6871574521064758,
    0.6087950468063354,
    0.5498559176921844,
    0.5389928221702576,
    0.472375825047493,
    0.4337608069181442,
    0.405602365732193,
    0.4206411838531494,
    0.4419231712818146,
    0.41420504450798035,
    0.3904857337474823,
    0.34610429406166077,
    0.34574632346630096,
    0.3683841675519943,
    0.36866144835948944,
    0.34806615114212036,
    0.3424769639968872,
    0.3495892733335495,
    0.3497685045003891,
    0.3438892215490341,
    0.3419877588748932,
    0.3418385982513428,
    0.3418583571910858,
    0.3424336612224579,
    0.34280046820640564,
    0.34288036823272705
  ],
  "val_accuracy": [
    0.275,
    0.325,
    0.75,
    0.75,
    0.75,
    0.875,
    0.9,
    0.85,
    0.875,
    0.875,
    0.875,
    0.875,
    0.875,
    0.875,
    0.875,
    0.875,
    0.875,
    0.875,
    0.875,
    0.875,
    0.9,
    0.875,
    0.9,
    0.9,
    0.9,
    0.9,
    0.9,
    0.9,
    0.9,
    0.9
  ],
  "val_precision": [
    0.275,
    0.2894736842105263,
    0.5238095238095238,
    0.5263157894736842,
    0.5263157894736842,
    0.75,
    0.8181818181818182,
    0.6923076923076923,
    0.75,
    0.75,
    0.75,
    0.7142857142857143,
    0.7142857142857143,
    0.7142857142857143,
    0.7142857142857143,
    0.7142857142857143,
    0.7142857142857143,
    0.7142857142857143,
    0.7142857142857143,
    0.7142857142857143,
    0.7692307692307693,
    0.7142857142857143,
    0.7692307692307693,
    0.7692307692307693,
    0.7692307692307693,
    0.7692307692307693,
    0.7692307692307693,
    0.7692307692307693,
    0.7692307692307693,
    0.7692307692307693
  ],
  "val_recall": [
    1.0,
    1.0,
    1.0,
    0.9090909090909091,
    0.9090909090909091,
    0.8181818181818182,
    0.8181818181818182,
    0.8181818181818182,
    0.8181818181818182,
    0.8181818181818182,
    0.8181818181818182,
    0.9090909090909091,
    0.9090909090909091,
    0.9090909090909091,
    0.9090909090909091,
    0.9090909090909091,
    0.9090909090909091,
    0.9090909090909091,
    0.9090909090909091,
    0.9090909090909091,
    0.9090909090909091,
    0.9090909090909091,
    0.9090909090909091,
    0.9090909090909091,
    0.9090909090909091,
    0.9090909090909091,
    0.9090909090909091,
    0.9090909090909091,
    0.9090909090909091,
    0.9090909090909091
  ],