{
  "train_loss": [
    0.9519786596298218,
    0.9488965988159179,
    0.9463326334953308,
    0.9232082724571228,
    0.9182225465774536,
    0.9087252259254456,
    0.8977506637573243,
    0.8769975662231445,
    0.8232896327972412,
    0.7718284964561463,
    0.6678002595901489,
    0.5648634552955627,
    0.5203230321407318,
    0.40073816776275634,
    0.41333295702934264,
    0.34325301051139834,
    0.3472223699092865,
    0.368715962767601,
    0.3651715606451035,
    0.3226557970046997,
    0.3327669858932495,
    0.28969021439552306,
    0.30525277853012084,
    0.2718053311109543,
    0.26998002231121065,
    0.27880955338478086,
    0.3062695026397705,
    0.2962976425886154,
    0.3500551998615265,
    0.32391769289970396
  ],
  "train_accuracy": [
    0.3269230769230769,
    0.32051282051282054,
    0.3269230769230769,
    0.46794871794871795,
    0.5961538461538461,
    0.7371794871794872,
    0.717948717948718,
    0.7564102564102564,
    0.8141025641025641,
    0.8333333333333334,
    0.8717948717948718,
    0.8397435897435898,
    0.8333333333333334,
    0.8846153846153846,
    0.8846153846153846,
    0.9294871794871795,
    0.9230769230769231,
    0.9230769230769231,
    0.9166666666666666,
    0.9487179487179487,
    0.9166666666666666,
    0.9358974358974359,
    0.9487179487179487,
    0.9423076923076923,
    0.9423076923076923,
    0.9423076923076923,
    0.9230769230769231,
    0.9358974358974359,
    0.9166666666666666,
    0.9358974358974359
  ],
  "train_precision": [
    0.3246753246753247,
    0.3225806451612903,
    0.32,
    0.3787878787878788,
    0.4189189189189189,
    0.6,
    0.6060606060606061,
    0.782608695652174,
    0.775,
    0.7777777777777778,
    0.8604651162790697,
    0.7096774193548387,
    0.7049180327868853,
    0.7538461538461538,
    0.7704918032786885,
    0.8571428571428571,
    0.8679245283018868,
    0.8679245283018868,
    0.8392857142857143,
    0.9215686274509803,
    0.8518518518518519,
    0.8727272727272727,
    0.9215686274509803,
    0.875,
    0.875,
    0.875,
    0.8421052631578947,
    0.8867924528301887,
    0.8392857142857143,
    0.8867924528301887
  ],
  "train_recall": [
    0.9803921568627451,
    0.9803921568627451,
    0.9411764705882353,
    0.9803921568627451,
    0.6078431372549019,
    0.5882352941176471,
    0.39215686274509803,
    0.35294117647058826,
    0.6078431372549019,
    0.6862745098039216,
    0.7254901960784313,
    0.8627450980392157,
    0.8431372549019608,
    0.9607843137254902,
    0.9215686274509803,
    0.9411764705882353,
    0.9019607843137255,
    0.9019607843137255,
    0.9215686274509803,
    0.9215686274509803,
    0.9019607843137255,
    0.9411764705882353,
    0.9215686274509803,
    0.9607843137254902,
    0.9607843137254902,
    0.9607843137254902,
    0.9411764705882353,
    0.9215686274509803,
    0.9215686274509803,
    0.9215686274509803
  ],
  "train_f1": [
    0.4878048780487805,
    0.4854368932038835,
    0.47761194029850745,
    0.546448087431694,
    0.496,
    0.594059405940594,
    0.47619047619047616,
    0.4864864864864865,
    0.6813186813186813,
    0.7291666666666666,
    0.7872340425531915,
    0.7787610619469026,
    0.7678571428571429,
    0.8448275862068966,
    0.8392857142857143,
    0.897196261682243,
    0.8846153846153846,
    0.8846153846153846,
    0.8785046728971962,
    0.9215686274509803,
    0.8761904761904762,
    0.9056603773584906,
    0.9215686274509803,
    0.9158878504672897,
    0.9158878504672897,
    0.9158878504672897,
    0.8888888888888888,
    0.9038461538461539,
    0.8785046728971962,
    0.9038461538461539
  ],
  "train_roc_auc": [
    0.37628384687208216,
    0.3690009337068161,
    0.4031746031746032,
    0.6341736694677871,
    0.6338001867413632,
    0.7699346405228757,
    0.7757236227824463,
    0.8636788048552754,
    0.90046685340803,
    0.9144724556489263,
    0.9432306255835667,
    0.9282913165266106,
    0.9277310924369747,
    0.9736694677871148,
    0.9585434173669467,
    0.9619047619047618,
    0.9613445378151261,
    0.9441643323996265,
    0.9600373482726424,
    0.9732959850606908,
    0.9744164332399626,
    0.9811391223155929,
    0.9746031746031746,
    0.9859943977591036,
    0.9779645191409897,
    0.9828197945845005,
    0.9749766573295985,
    0.9684407096171801,
    0.9660130718954248,
    0.9734827264239029
  ],
  "train_pr_auc": [
    0.27307317986676216,
    0.28892548500304455,
    0.2744359661511135,
    0.4268699568763008,
    0.43183032166011326,
    0.6348556841912311,
    0.5724812498742737,
    0.7797505807350082,
    0.8102956201151061,
    0.8422570880165445,
    0.8782113594871859,
    0.8364101299354002,
    0.8496889011966458,
    0.9370467235363757,
    0.9289209019198442,
    0.9355601542447374,
    0.9520973204761201,
    0.9322016548269163,
    0.9043584903565851,
    0.9581499472679845,
    0.9610543525306661,
    0.9726655996592921,
    0.9631643815857134,
    0.9650091069328965,
    0.9244360246570954,
    0.9543625233307313,
    0.9528468786239911,
    0.9282761089045701,
    0.9333787936043033,
    0.9480429505047123
  ],
  "val_loss": [
    0.9192653000354767,
    0.910056084394455,
    0.8935768306255341,
    0.8827946186065674,
    0.8723517954349518,
    0.8612223565578461,
    0.8438949584960938,
    0.8205657601356506,
    0.7771240770816803,
    0.69962477684021,
    0.6216151714324951,
    0.5673816800117493,
    0.5361595451831818,
    0.5168802589178085,
    0.5025589466094971,
    0.535221129655838,
    0.6002183556556702,
    0.6063586175441742,
    0.5336509943008423,
    0.47190313041210175,
    0.43925806879997253,
    0.43122968077659607,
    0.4281524121761322,
    0.42634567618370056,
    0.4241679608821869,
    0.4231104552745819,
    0.4229324460029602,
    0.422819048166275,
    0.4227756857872009,
    0.4227711707353592
  ],
  "val_accuracy": [
    0.275,
    0.275,
    0.275,
    0.525,
    0.85,
    0.775,
    0.75,
    0.85,
    0.925,
    0.9,
    0.85,
    0.85,
    0.85,
    0.875,
    0.925,
    0.9,
    0.9,
    0.9,
    0.9,
    0.9,
    0.925,
    0.925,
    0.925,
    0.925,
    0.925,
    0.925,
    0.925,
    0.925,
    0.925,
    0.925
  ],
  "val_precision": [
    0.275,
    0.275,
    0.275,
    0.36666666666666664,
    0.6923076923076923,
    0.75,
    1.0,
    0.8571428571428571,
    0.9,
    0.8181818181818182,
    0.6923076923076923,
    0.6923076923076923,
    0.6666666666666666,
    0.7142857142857143,
    0.8333333333333334,
    0.8181818181818182,
    0.8181818181818182,
    0.8181818181818182,
    0.8181818181818182,
    0.8181818181818182,
    0.8333333333333334,
    0.8333333333333334,
    0.8333333333333334,
    0.8333333333333334,
    0.8333333333333334,
    0.8333333333333334,
    0.8333333333333334,
    0.8333333333333334,
    0.8333333333333334,
    0.8333333333333334
  ],
  "val_recall": [
    1.0,
    1.0,
    1.0,
    1.0,
    0.8181818181818182,
    0.2727272727272727,
    0.09090909090909091,
    0.5454545454545454,
    0.8181818181818182,
    0.8181818181818182,
    0.8181818181818182,
    0.8181818181818182,
    0.9090909090909091,
    0.9090909090909091,
    0.9090909090909091,
    0.8181818181818182,
    0.8181818181818182,
    0.8181818181818182,
    0.8181818181818182,
    0.8181818181818182,
    0.9090909090909091,
    0.9090909090909091,
    0.9090909090909091,
    0.9090909090909091,
    0.9090909090909091,
    0.9090909090909091,
    0.9090909090909091,
    0.9090909090909091,
    0.9090909090909091,
    0.9090909090909091
  ],