{
  "train_loss": [
    0.9661257117986679,
    0.9285831302404404,
    0.8983144909143448,
    0.8510222658514977,
    0.7569314911961555,
    0.7012035995721817,
    0.6084994897246361,
    0.5694007463753223,
    0.4381749667227268,
    0.38726457953453064,
    0.3074925225228071,
    0.2572726849466562,
    0.26800441090017557,
    0.2295872438699007,
    0.21584564726799726,
    0.18677974306046963,
    0.16303604189306498,
    0.14897871017456055,
    0.17247162107378244,
    0.16436009015887976,
    0.1943759541027248,
    0.19849827978760004,
    0.12970330473035574,
    0.16748570976778865,
    0.1288624855224043,
    0.12888893531635404,
    0.1402571783401072,
    0.136008957400918
  ],
  "train_accuracy": [
    0.430327868852459,
    0.5491803278688525,
    0.6311475409836066,
    0.7049180327868853,
    0.75,
    0.7581967213114754,
    0.7909836065573771,
    0.8401639344262295,
    0.8852459016393442,
    0.9057377049180327,
    0.930327868852459,
    0.9467213114754098,
    0.9385245901639344,
    0.9426229508196722,
    0.930327868852459,
    0.9467213114754098,
    0.9631147540983607,
    0.9672131147540983,
    0.9590163934426229,
    0.9549180327868853,
    0.9590163934426229,
    0.9467213114754098,
    0.9713114754098361,
    0.9590163934426229,
    0.9672131147540983,
    0.9590163934426229,
    0.9713114754098361,
    0.9672131147540983
  ],
  "train_precision": [
    0.3096774193548387,
    0.3404255319148936,
    0.4342105263157895,
    0.54,
    0.6172839506172839,
    0.5929203539823009,
    0.638095238095238,
    0.759493670886076,
    0.7653061224489796,
    0.8064516129032258,
    0.8987341772151899,
    0.8850574712643678,
    0.9113924050632911,
    0.875,
    0.8888888888888888,
    0.8850574712643678,
    0.9176470588235294,
    0.9186046511627907,
    0.9166666666666666,
    0.896551724137931,
    0.9166666666666666,
    0.8941176470588236,
    0.9506172839506173,
    0.9166666666666666,
    0.9390243902439024,
    0.9166666666666666,
    0.9397590361445783,
    0.9390243902439024
  ],
  "train_recall": [
    0.6,
    0.4,
    0.4125,
    0.675,
    0.625,
    0.8375,
    0.8375,
    0.75,
    0.9375,
    0.9375,
    0.8875,
    0.9625,
    0.9,
    0.9625,
    0.9,
    0.9625,
    0.975,
    0.9875,
    0.9625,
    0.975,
    0.9625,
    0.95,
    0.9625,
    0.9625,
    0.9625,
    0.9625,
    0.975,
    0.9625
  ],
  "train_f1": [
    0.4085106382978723,
    0.367816091954023,
    0.4230769230769231,
    0.6,
    0.6211180124223602,
    0.694300518134715,
    0.7243243243243244,
    0.7547169811320755,
    0.8426966292134831,
    0.8670520231213873,
    0.8930817610062893,
    0.9221556886227545,
    0.9056603773584906,
    0.9166666666666666,
    0.8944099378881988,
    0.9221556886227545,
    0.9454545454545454,
    0.9518072289156626,
    0.9390243902439024,
    0.9341317365269461,
    0.9390243902439024,
    0.9212121212121213,
    0.9565217391304348,
    0.9390243902439024,
    0.9506172839506173,
    0.9390243902439024,
    0.9570552147239264,
    0.9506172839506173
  ],
  "train_roc_auc": [
    0.4384146341463415,
    0.5451981707317073,
    0.6692835365853659,
    0.7723323170731707,
    0.8462652439024391,
    0.8532774390243902,
    0.8897103658536585,
    0.9110518292682926,
    0.9517530487804878,
    0.957469512195122,
    0.9760670731707317,
    0.9808689024390245,
    0.9807926829268293,
    0.9827743902439025,
    0.9856707317073171,
    0.9871951219512195,
    0.9913109756097561,
    0.990625,
    0.9891006097560976,
    0.9890243902439024,
    0.9842225609756098,
    0.9855182926829268,
    0.9951219512195122,
    0.9883384146341463,
    0.994435975609756,
    0.9941310975609755,
    0.9917682926829269,
    0.9942073170731707
  ],
  "train_pr_auc": [
    0.28745430194651156,
    0.37190336166768767,
    0.4527893733898438,
    0.5439539837584799,
    0.6741477639508553,
    0.7022584772149082,
    0.755717378996155,
    0.8364830488943682,
    0.8909985441482605,
    0.8862318623258969,
    0.9403703182177604,
    0.949680036872032,
    0.9578109063418813,
    0.9571124904720143,
    0.96897231454308,
    0.968197652282262,
    0.9803901825140482,
    0.9763315987904371,
    0.9674154956972258,
    0.9604729544476469,
    0.9613751992997779,
    0.9718873009892889,
    0.989586558213178,
    0.9729793112764005,
    0.9878837324236901,
    0.9854053947305477,
    0.9827623809138286,
    0.9858461969056348
  ],
  "val_loss": [
    0.942290186882019,
    0.91672682762146,
    0.8474168479442596,
    0.7438673377037048,
    0.6282991170883179,
    0.5213298499584198,
    0.40995292365550995,
    0.3266103118658066,
    0.24170581251382828,
    0.17872528731822968,
    0.13761821016669273,
    0.11626490205526352,
    0.08862911909818649,
    0.06981677189469337,
    0.06011015549302101,
    0.054151738062500954,
    0.04976901784539223,
    0.04305117391049862,
    0.03917080536484718,
    0.03426067903637886,
    0.03479319717735052,
    0.03902505151927471,
    0.057390619069337845,
    0.04674270935356617,
    0.04247727245092392,
    0.03684369660913944,
    0.03501908481121063,
    0.03469562437385321
  ],
  "val_accuracy": [
    0.5483870967741935,
    0.7580645161290323,
    0.8387096774193549,
    0.8387096774193549,
    0.9032258064516129,
    0.9032258064516129,
    0.9354838709677419,
    0.967741935483871,
    0.967741935483871,
    0.967741935483871,
    0.9838709677419355,
    0.967741935483871,
    0.9838709677419355,
    0.9838709677419355,
    0.9838709677419355,
    0.9838709677419355,
    1.0,
    1.0,
    1.0,
    1.0,
    1.0,
    1.0,
    0.9838709677419355,
    1.0,
    1.0,
    1.0,
    1.0,
    1.0
  ],
  "val_precision": [
    0.42857142857142855,
    1.0,
    0.9285714285714286,
    0.875,
    0.9,
    0.9,
    0.9090909090909091,
    0.9545454545454546,
    0.9545454545454546,
    0.9545454545454546,
    0.9565217391304348,
    0.9545454545454546,
    0.9565217391304348,
    0.9565217391304348,
    0.9565217391304348,
    0.9565217391304348,
    1.0,
    1.0,
    1.0,
    1.0,
    1.0,
    1.0,
    1.0,
    1.0,
    1.0,
    1.0,
    1.0,
    1.0
  ],
  "val_recall": [
    0.8181818181818182,
    0.3181818181818182,
    0.5909090909090909,
    0.6363636363636364,
    0.8181818181818182,
    0.8181818181818182,
    0.9090909090909091,
    0.9545454545454546,
    0.9545454545454546,
    0.9545454545454546,
    1.0,
    0.9545454545454546,
    1.0,
    1.0,
    1.0,
    1.0,
    1.0,
    1.0,
    1.0,
    1.0,
    1.0,
    1.0,
    0.9545454545454546,
    1.0,
    1.0,
    1.0,
    1.0,
    1.0
  ],
  "val_f1": [
    0.5625,
    0.4827586206896552,
    0.7222222222222222,
    0.7368421052631579,
    0.8571428571428571,
    0.8571428571428571,
    0.9090909090909091,
    0.9545454545454546,
    0.9545454545454546,
    0.9545454545454546,
    0.9777777777777777,
    0.9545454545454546,
    0.9777777777777777,
    0.9777777777777777,
    0.9777777777777777,
    0.9777777777777777,
    1.0,
    1.0,
    1.0,
    1.0,
    1.0,
    1.0,
    0.9767441860465116,
    1.0,
    1.0,
    1.0,
    1.0,
    1.0
  ],
  "val_roc_auc": [
    0.6488636363636364,
    0.9806818181818182,
    0.9738636363636364,
    0.9625,
    0.9681818181818181,
    0.9727272727272727,
    0.9829545454545454,
    0.9897727272727272,
    0.9931818181818182,
    0.9943181818181819,
    0.9977272727272728,
    0.9977272727272727,
    0.9988636363636363,
    0.9988636363636365,
    1.0,
    1.0,
    1.0,
    1.0,
    1.0,
    1.0,
    1.0,
    1.0,
    1.0,
    1.0,
    1.0,
    1.0,
    1.0,
    1.0
  ],