{
  "train_loss": [
    0.9184798076748848,
    0.8983081430196762,
    0.8873217478394508,
    0.8378905430436134,
    0.7257097065448761,
    0.6436363160610199,
    0.5479829050600529,
    0.4369402937591076,
    0.3711303882300854,
    0.3026611693203449,
    0.23499181121587753,
    0.18000256828963757,
    0.15890898182988167,
    0.2175427693873644,
    0.2056305045261979,
    0.18872100301086903,
    0.13100067293271422,
    0.1421377109363675,
    0.1844468703493476,
    0.09367598034441471,
    0.13590714521706104,
    0.10609798924997449,
    0.14349794993177056,
    0.11536765564233065,
    0.09486094722524285,
    0.11013246374204755,
    0.1153246033936739,
    0.12582210334949195,
    0.11684819404035807
  ],
  "train_accuracy": [
    0.5368852459016393,
    0.5983606557377049,
    0.6229508196721312,
    0.7540983606557377,
    0.8114754098360656,
    0.8032786885245902,
    0.819672131147541,
    0.8647540983606558,
    0.8770491803278688,
    0.9385245901639344,
    0.9262295081967213,
    0.9549180327868853,
    0.9672131147540983,
    0.9385245901639344,
    0.9467213114754098,
    0.9590163934426229,
    0.9590163934426229,
    0.9549180327868853,
    0.9549180327868853,
    0.9672131147540983,
    0.9508196721311475,
    0.9590163934426229,
    0.9631147540983607,
    0.9795081967213115,
    0.9795081967213115,
    0.9713114754098361,
    0.9754098360655737,
    0.9549180327868853,
    0.9713114754098361
  ],
  "train_precision": [
    0.35398230088495575,
    0.40425531914893614,
    0.4473684210526316,
    0.6063829787234043,
    0.6770833333333334,
    0.6428571428571429,
    0.6956521739130435,
    0.7526881720430108,
    0.7551020408163265,
    0.922077922077922,
    0.8369565217391305,
    0.896551724137931,
    0.9390243902439024,
    0.8651685393258427,
    0.8764044943820225,
    0.9487179487179487,
    0.8888888888888888,
    0.896551724137931,
    0.948051948051948,
    0.9390243902439024,
    0.8863636363636364,
    0.8888888888888888,
    0.927710843373494,
    0.9518072289156626,
    0.9629629629629629,
    0.9294117647058824,
    0.9512195121951219,
    0.9259259259259259,
    0.9506172839506173
  ],
  "train_recall": [
    0.5,
    0.475,
    0.6375,
    0.7125,
    0.8125,
    0.9,
    0.8,
    0.875,
    0.925,
    0.8875,
    0.9625,
    0.975,
    0.9625,
    0.9625,
    0.975,
    0.925,
    1.0,
    0.975,
    0.9125,
    0.9625,
    0.975,
    1.0,
    0.9625,
    0.9875,
    0.975,
    0.9875,
    0.975,
    0.9375,
    0.9625
  ],
  "train_f1": [
    0.41450777202072536,
    0.4367816091954023,
    0.5257731958762887,
    0.6551724137931034,
    0.7386363636363636,
    0.75,
    0.7441860465116279,
    0.8092485549132948,
    0.8314606741573034,
    0.9044585987261147,
    0.8953488372093024,
    0.9341317365269461,
    0.9506172839506173,
    0.9112426035502958,
    0.9230769230769231,
    0.9367088607594937,
    0.9411764705882353,
    0.9341317365269461,
    0.9299363057324841,
    0.9506172839506173,
    0.9285714285714286,
    0.9411764705882353,
    0.9447852760736196,
    0.9693251533742331,
    0.968944099378882,
    0.9575757575757575,
    0.9629629629629629,
    0.9316770186335404,
    0.9565217391304348
  ],
  "train_roc_auc": [
    0.5655487804878049,
    0.6394817073170731,
    0.6678353658536584,
    0.7917682926829267,
    0.8868902439024391,
    0.8879573170731707,
    0.9221036585365853,
    0.946265243902439,
    0.962423780487805,
    0.9783536585365853,
    0.9839939024390243,
    0.9892530487804878,
    0.99375,
    0.9880335365853659,
    0.9844512195121952,
    0.9920731707317073,
    0.9960365853658536,
    0.9929115853658537,
    0.9932926829268293,
    0.9979420731707317,
    0.9958079268292683,
    0.996875,
    0.9948932926829268,
    0.9950457317073171,
    0.9982469512195121,
    0.996875,
    0.9939024390243902,
    0.9955030487804878,
    0.9966463414634146
  ],
  "train_pr_auc": [
    0.3743898381983006,
    0.4317271993844435,
    0.4713538893529885,
    0.5855065272496731,
    0.7522792162039427,
    0.7601804054806013,
    0.8195972917217688,
    0.8753232931099112,
    0.9209585503605167,
    0.9356549350307465,
    0.9634604285537245,
    0.974859283028626,
    0.9868874914093545,
    0.9751131701232448,
    0.966674801945544,
    0.9842216300144865,
    0.991899092872192,
    0.9885062045325387,
    0.9866449120220702,
    0.9958983329171726,
    0.992092386660014,
    0.9931747828657552,
    0.9904152730211788,
    0.9890540979699642,
    0.996370620772276,
    0.9934453225136326,
    0.9905952268115387,
    0.9906216668282082,
    0.9930253271223013
  ],
  "val_loss": [
    0.9163101613521576,
    0.8912801146507263,
    0.8294738829135895,
    0.735168069601059,
    0.5890152156352997,
    0.44234876334667206,
    0.32153555750846863,
    0.19436223804950714,
    0.1403103657066822,
    0.09059051424264908,
    0.06477934308350086,
    0.09145805612206459,
    0.04611601494252682,
    0.040892538614571095,
    0.08038409240543842,
    0.03625759854912758,
    0.02819024119526148,
    0.055224502459168434,
    0.0542849600315094,
    0.024866878520697355,
    0.023368801455944777,
    0.02959351846948266,
    0.03997334651648998,
    0.03627345059067011,
    0.03257679473608732,
    0.02961594332009554,
    0.02850753301754594,
    0.02774947788566351,
    0.027224589604884386
  ],
  "val_accuracy": [
    0.8387096774193549,
    0.8709677419354839,
    0.9032258064516129,
    0.9193548387096774,
    0.9354838709677419,
    0.9354838709677419,
    0.9516129032258065,
    0.967741935483871,
    1.0,
    1.0,
    1.0,
    0.9838709677419355,
    0.9838709677419355,
    0.9838709677419355,
    0.9838709677419355,
    1.0,
    1.0,
    1.0,
    1.0,
    1.0,
    1.0,
    1.0,
    1.0,
    1.0,
    1.0,
    1.0,
    1.0,
    1.0,
    1.0
  ],
  "val_precision": [
    0.875,
    0.9375,
    0.8076923076923077,
    0.9047619047619048,
    0.9090909090909091,
    0.9090909090909091,
    0.9523809523809523,
    0.9166666666666666,
    1.0,
    1.0,
    1.0,
    1.0,
    0.9565217391304348,
    0.9565217391304348,
    1.0,
    1.0,
    1.0,
    1.0,
    1.0,
    1.0,
    1.0,
    1.0,
    1.0,
    1.0,
    1.0,
    1.0,
    1.0,
    1.0,
    1.0
  ],
  "val_recall": [
    0.6363636363636364,
    0.6818181818181818,
    0.9545454545454546,
    0.8636363636363636,
    0.9090909090909091,
    0.9090909090909091,
    0.9090909090909091,
    1.0,
    1.0,
    1.0,
    1.0,
    0.9545454545454546,
    1.0,
    1.0,
    0.9545454545454546,
    1.0,
    1.0,
    1.0,
    1.0,
    1.0,
    1.0,
    1.0,
    1.0,
    1.0,
    1.0,
    1.0,
    1.0,
    1.0,
    1.0
  ],
  "val_f1": [
    0.7368421052631579,
    0.7894736842105263,
    0.875,
    0.8837209302325582,
    0.9090909090909091,
    0.9090909090909091,
    0.9302325581395349,
    0.9565217391304348,
    1.0,
    1.0,
    1.0,
    0.9767441860465116,
    0.9777777777777777,
    0.9777777777777777,
    0.9767441860465116,
    1.0,
    1.0,
    1.0,
    1.0,
    1.0,
    1.0,
    1.0,
    1.0,
    1.0,
    1.0,
    1.0,
    1.0,
    1.0,
    1.0
  ],
  "val_roc_auc": [
    0.9590909090909091,
    0.978409090909091,
    0.9772727272727273,
    0.9772727272727273,
    0.9795454545454546,
    0.9863636363636363,
    0.9954545454545454,
    0.9977272727272727,
    1.0,
    1.0,
    1.0,
    1.0,
    1.0,
    1.0,
    1.0,
    1.0,
    1.0,
    1.0,
    1.0,
    1.0,
    1.0,
    1.0,
    1.0,
    1.0,
    1.0,
    1.0,
    1.0,
    1.0,
    1.0
  ],