{
  "train_loss": [
    0.6294813264500011,
    0.6327092214064165,
    0.6236211874268272,
    0.6137199672785673,
    0.6086625348437916,
    0.6121088266372681,
    0.6139245250008323,
    0.597502507946708,
    0.5696650309996172,
    0.5657036900520325,
    0.5570970529859717,
    0.5430144288323142,
    0.5067342465574091,
    0.47824863954023883,
    0.47395856001160364,
    0.48374301195144653,
    0.48939297145063226,
    0.5044805380431089,
    0.4905269010500474,
    0.4844991591843692,
    0.48906189474192535,
    0.4800271120938388,
    0.4611970809372989,
    0.48554888367652893,
    0.42570928822864185,
    0.5023493441668424,
    0.45280276103453204,
    0.46404082395813684,
    0.4688946929844943,
    0.4540916789661754
  ],
  "train_accuracy": [
    0.4506172839506173,
    0.4567901234567901,
    0.5,
    0.5339506172839507,
    0.5216049382716049,
    0.558641975308642,
    0.6141975308641975,
    0.6080246913580247,
    0.6728395061728395,
    0.6574074074074074,
    0.6820987654320988,
    0.7222222222222222,
    0.7129629629629629,
    0.7098765432098766,
    0.7283950617283951,
    0.7314814814814815,
    0.7376543209876543,
    0.7345679012345679,
    0.7592592592592593,
    0.7438271604938271,
    0.7469135802469136,
    0.7716049382716049,
    0.7716049382716049,
    0.7376543209876543,
    0.7654320987654321,
    0.7623456790123457,
    0.7253086419753086,
    0.7685185185185185,
    0.7654320987654321,
    0.7469135802469136
  ],
  "train_precision": [
    0.5217391304347826,
    0.5348837209302325,
    0.5648854961832062,
    0.6166666666666667,
    0.6428571428571429,
    0.6232876712328768,
    0.6391752577319587,
    0.7096774193548387,
    0.7482993197278912,
    0.7394366197183099,
    0.7375,
    0.7458563535911602,
    0.7336956521739131,
    0.7514792899408284,
    0.7630057803468208,
    0.75,
    0.7473684210526316,
    0.7540983606557377,
    0.7953216374269005,
    0.7448979591836735,
    0.7437185929648241,
    0.8034682080924855,
    0.7932960893854749,
    0.7303921568627451,
    0.7668393782383419,
    0.7741935483870968,
    0.7295918367346939,
    0.7795698924731183,
    0.7814207650273224,
    0.7539267015706806
  ],
  "train_recall": [
    0.0670391061452514,
    0.12849162011173185,
    0.4134078212290503,
    0.4134078212290503,
    0.3016759776536313,
    0.5083798882681564,
    0.6927374301675978,
    0.49162011173184356,
    0.6145251396648045,
    0.5865921787709497,
    0.659217877094972,
    0.7541899441340782,
    0.7541899441340782,
    0.7094972067039106,
    0.7374301675977654,
    0.770949720670391,
    0.7932960893854749,
    0.770949720670391,
    0.7597765363128491,
    0.8156424581005587,
    0.8268156424581006,
    0.776536312849162,
    0.7932960893854749,
    0.8324022346368715,
    0.8268156424581006,
    0.8044692737430168,
    0.7988826815642458,
    0.8100558659217877,
    0.7988826815642458,
    0.8044692737430168
  ],
  "train_f1": [
    0.1188118811881188,
    0.2072072072072072,
    0.4774193548387097,
    0.49498327759197325,
    0.41064638783269963,
    0.56,
    0.6648793565683646,
    0.5808580858085809,
    0.6748466257668712,
    0.6542056074766355,
    0.696165191740413,
    0.75,
    0.743801652892562,
    0.7298850574712644,
    0.75,
    0.7603305785123967,
    0.7696476964769647,
    0.7624309392265194,
    0.7771428571428571,
    0.7786666666666666,
    0.783068783068783,
    0.7897727272727273,
    0.7932960893854749,
    0.7780678851174935,
    0.7956989247311828,
    0.7890410958904109,
    0.7626666666666667,
    0.7945205479452054,
    0.7900552486187845,
    0.7783783783783784
  ],
  "train_roc_auc": [
    0.497168175688692,
    0.4549027162396455,
    0.5298015796570987,
    0.5613176651897515,
    0.589443267193219,
    0.5765748410710846,
    0.6325948757464843,
    0.6724330572144095,
    0.7031400500866885,
    0.7126950491234829,
    0.7341552687343479,
    0.7542284723560007,
    0.770256212675785,
    0.7938740127143132,
    0.798959738008091,
    0.8060874590637641,
    0.8108649585821616,
    0.8041225197457136,
    0.817800038528222,
    0.8164130225390098,
    0.8206511269504912,
    0.8261606626854171,
    0.8467732614139858,
    0.8226545944904642,
    0.8541706800231169,
    0.8196108649585822,
    0.8114814101329224,
    0.8347524561741476,
    0.8163744943170873,
    0.8216143324985552
  ],
  "train_pr_auc": [
    0.5458092936185959,
    0.537793438029976,
    0.5728910186125153,
    0.61063459889822,
    0.6519390795328532,
    0.6147904657643396,
    0.6598889749883653,
    0.6984087667426173,
    0.7259769231623472,
    0.7256264076164497,
    0.7602408521040397,
    0.7771844058785423,
    0.8049917184224936,
    0.8254764245405779,
    0.8253555022972399,
    0.8356744970831345,
    0.8470254104129958,
    0.8411337729906074,
    0.8358097419584885,
    0.8439143007637593,
    0.8459440544123482,
    0.8537126336947534,
    0.8722665709999707,
    0.854379115082421,
    0.8818731446122111,
    0.8520181091808943,
    0.8432253891293694,
    0.8653714731078129,
    0.8385877504932715,
    0.8633877710464781
  ],
  "val_loss": [
    0.6346394817034403,
    0.623975396156311,
    0.6172269582748413,
    0.6145940025647482,
    0.6054792205492655,
    0.5980721712112427,
    0.5870217084884644,
    0.5758095781008402,
    0.5551541050275167,
    0.5173075397809347,
    0.5022863845030466,
    0.4839894473552704,
    0.47927558422088623,
    0.4608726402123769,
    0.44806966185569763,
    0.44729891419410706,
    0.44397103786468506,
    0.44720425208409625,
    0.4369437297185262,
    0.43300817410151166,
    0.4363931119441986,
    0.4379872183005015,
    0.43273185690244037,
    0.4327305456002553,
    0.4326236844062805,
    0.43392037351926166,
    0.4340391159057617,
    0.4335489769776662,
    0.43341530362764996,
    0.43343443671862286
  ],
  "val_accuracy": [
    0.4567901234567901,
    0.4567901234567901,
    0.5061728395061729,
    0.5555555555555556,
    0.5308641975308642,
    0.6049382716049383,
    0.6296296296296297,
    0.6419753086419753,
    0.6790123456790124,
    0.691358024691358,
    0.7283950617283951,
    0.7407407407407407,
    0.7283950617283951,
    0.7283950617283951,
    0.7530864197530864,
    0.7654320987654321,
    0.7654320987654321,
    0.7407407407407407,
    0.7654320987654321,
    0.7654320987654321,
    0.7654320987654321,
    0.7777777777777778,
    0.7777777777777778,
    0.7777777777777778,
    0.7777777777777778,
    0.7777777777777778,
    0.7901234567901234,
    0.7901234567901234,
    0.7901234567901234,
    0.7901234567901234
  ],
  "val_precision": [
    0.0,
    0.0,
    0.5416666666666666,
    1.0,
    0.6,
    0.62,
    0.6458333333333334,
    0.7027027027027027,
    0.725,
    0.7567567567567568,
    0.775,
    0.7674418604651163,
    0.7619047619047619,
    0.7619047619047619,
    0.7608695652173914,
    0.7777777777777778,
    0.7777777777777778,
    0.7674418604651163,
    0.7659574468085106,
    0.7551020408163265,
    0.7906976744186046,
    0.7954545454545454,
    0.76,
    0.76,
    0.76,
    0.7708333333333334,
    0.7872340425531915,
    0.7872340425531915,
    0.7872340425531915,
    0.7872340425531915
  ],
  "val_recall": [
    0.0,
    0.0,
    0.5909090909090909,
    0.18181818181818182,
    0.4090909090909091,
    0.7045454545454546,
    0.7045454545454546,
    0.5909090909090909,
    0.6590909090909091,
    0.6363636363636364,
    0.7045454545454546,
    0.75,
    0.7272727272727273,
    0.7272727272727273,
    0.7954545454545454,
    0.7954545454545454,
    0.7954545454545454,
    0.75,
    0.8181818181818182,
    0.8409090909090909,
    0.7727272727272727,
    0.7954545454545454,
    0.8636363636363636,
    0.8636363636363636,
    0.8636363636363636,
    0.8409090909090909,
    0.8409090909090909,
    0.8409090909090909,
    0.8409090909090909,
    0.8409090909090909
  ],