{
  "train_loss": [
    1.125960037112236,
    1.071256123483181,
    1.0211118012666702,
    0.9915396049618721,
    0.9643459469079971,
    0.8854489922523499,
    0.8212959244847298,
    0.8096776530146599,
    0.7784565687179565,
    0.7654012739658356,
    0.7104216143488884,
    0.6759859845042229,
    0.7323197796940804,
    0.6927509158849716,
    0.6957028955221176,
    0.6684554032981396,
    0.6710449531674385,
    0.6107067428529263,
    0.6888004951179028,
    0.6197038739919662,
    0.5957199223339558,
    0.5932403057813644,
    0.6062159650027752,
    0.6246900372207165,
    0.5912781208753586,
    0.5808023251593113,
    0.5735119916498661,
    0.5952675379812717,
    0.6152061857283115,
    0.5888524875044823
  ],
  "train_accuracy": [
    0.7375,
    0.7125,
    0.5458333333333333,
    0.5958333333333333,
    0.65,
    0.75,
    0.7583333333333333,
    0.7458333333333333,
    0.775,
    0.7791666666666667,
    0.775,
    0.8166666666666667,
    0.775,
    0.7916666666666666,
    0.8375,
    0.8125,
    0.8125,
    0.825,
    0.8375,
    0.8333333333333334,
    0.8208333333333333,
    0.8208333333333333,
    0.8375,
    0.8333333333333334,
    0.8166666666666667,
    0.825,
    0.825,
    0.8291666666666667,
    0.8166666666666667,
    0.825
  ],
  "train_precision": [
    0.16666666666666666,
    0.1875,
    0.2727272727272727,
    0.3416666666666667,
    0.37373737373737376,
    0.4943820224719101,
    0.5056179775280899,
    0.4895833333333333,
    0.5263157894736842,
    0.5357142857142857,
    0.5252525252525253,
    0.5882352941176471,
    0.5280898876404494,
    0.550561797752809,
    0.6190476190476191,
    0.5853658536585366,
    0.5777777777777777,
    0.5934065934065934,
    0.625,
    0.6091954022988506,
    0.5888888888888889,
    0.5851063829787234,
    0.6190476190476191,
    0.6144578313253012,
    0.5842696629213483,
    0.5955056179775281,
    0.5977011494252874,
    0.6,
    0.5842696629213483,
    0.5955056179775281
  ],
  "train_recall": [
    0.01694915254237288,
    0.05084745762711865,
    0.5084745762711864,
    0.6949152542372882,
    0.6271186440677966,
    0.7457627118644068,
    0.7627118644067796,
    0.7966101694915254,
    0.847457627118644,
    0.7627118644067796,
    0.8813559322033898,
    0.847457627118644,
    0.7966101694915254,
    0.8305084745762712,
    0.8813559322033898,
    0.8135593220338984,
    0.8813559322033898,
    0.9152542372881356,
    0.847457627118644,
    0.8983050847457628,
    0.8983050847457628,
    0.9322033898305084,
    0.8813559322033898,
    0.864406779661017,
    0.8813559322033898,
    0.8983050847457628,
    0.8813559322033898,
    0.9152542372881356,
    0.8813559322033898,
    0.8983050847457628
  ],
  "train_f1": [
    0.03076923076923077,
    0.08,
    0.35502958579881655,
    0.4581005586592179,
    0.46835443037974683,
    0.5945945945945946,
    0.6081081081081081,
    0.6064516129032258,
    0.6493506493506493,
    0.6293706293706294,
    0.6582278481012658,
    0.6944444444444444,
    0.6351351351351351,
    0.6621621621621622,
    0.7272727272727273,
    0.6808510638297872,
    0.697986577181208,
    0.72,
    0.7194244604316546,
    0.726027397260274,
    0.7114093959731543,
    0.7189542483660131,
    0.7272727272727273,
    0.7183098591549296,
    0.7027027027027027,
    0.7162162162162162,
    0.7123287671232876,
    0.7248322147651006,
    0.7027027027027027,
    0.7162162162162162
  ],
  "train_roc_auc": [
    0.470830602116303,
    0.5550145144676468,
    0.5869463432905703,
    0.6660736023972282,
    0.7299372600430752,
    0.802041389643225,
    0.8207697349939133,
    0.8110309954115553,
    0.8246090457908044,
    0.8483940443861785,
    0.8571027249742486,
    0.8680588070044012,
    0.8401535724318757,
    0.8515778630957955,
    0.8579455005150296,
    0.8678715235508943,
    0.8787339638542936,
    0.8709617005337579,
    0.8710553422605113,
    0.8885663451634048,
    0.8953085494896525,
    0.8966195336642008,
    0.8933420732278303,
    0.8733027437025939,
    0.8975559509317352,
    0.8990542185597903,
    0.9165652214626838,
    0.9094484502294222,
    0.8821050660174173,
    0.8929675063208166
  ],
  "train_pr_auc": [
    0.22163863352396684,
    0.2995616826696759,
    0.305532688816591,
    0.353871526299166,
    0.4819817879178938,
    0.5124990711432416,
    0.5686368607552219,
    0.5506743904936754,
    0.5248662811385036,
    0.5827920925910348,
    0.640389727531847,
    0.5787560106498123,
    0.5369908557582366,
    0.5606643096055766,
    0.6085391317423181,
    0.5998876710242467,
    0.6071715467713885,
    0.6013206002965998,
    0.6148424937555494,
    0.6585580730545816,
    0.6770865524639642,
    0.692205843331473,
    0.6508272757198148,
    0.5993783415774091,
    0.7058864363782601,
    0.7105616095912688,
    0.728927552701015,
    0.7111309542270592,
    0.6891211616941059,
    0.6957945667442069
  ],
  "val_loss": [
    1.176815778017044,
    1.1049283146858215,
    1.050147294998169,
    1.028733730316162,
    0.9774134159088135,
    0.9067435562610626,
    0.8297052085399628,
    0.7735805809497833,
    0.7481606304645538,
    0.6954934298992157,
    0.6779566556215286,
    0.6787684857845306,
    0.6363408416509628,
    0.6170182079076767,
    0.6437106132507324,
    0.600198894739151,
    0.6074942499399185,
    0.6157758682966232,
    0.6159903109073639,
    0.6044983565807343,
    0.5992846637964249,
    0.596629723906517,
    0.5944809764623642,
    0.5895123332738876,
    0.5875593274831772,
    0.5866377949714661,
    0.5861772447824478,
    0.5861338973045349,
    0.5861146748065948,
    0.5861077457666397
  ],
  "val_accuracy": [
    0.7049180327868853,
    0.7213114754098361,
    0.5409836065573771,
    0.7868852459016393,
    0.7540983606557377,
    0.7540983606557377,
    0.7868852459016393,
    0.8360655737704918,
    0.8360655737704918,
    0.8360655737704918,
    0.8360655737704918,
    0.8688524590163934,
    0.8360655737704918,
    0.8688524590163934,
    0.8852459016393442,
    0.8688524590163934,
    0.8688524590163934,
    0.8688524590163934,
    0.8688524590163934,
    0.8688524590163934,
    0.8688524590163934,
    0.8688524590163934,
    0.8688524590163934,
    0.8688524590163934,
    0.8688524590163934,
    0.8688524590163934,
    0.8688524590163934,
    0.8688524590163934,
    0.8688524590163934,
    0.8688524590163934
  ],
  "val_precision": [
    0.0,
    1.0,
    0.38095238095238093,
    0.6470588235294118,
    0.5789473684210527,
    0.5714285714285714,
    0.6190476190476191,
    0.6666666666666666,
    0.6666666666666666,
    0.6666666666666666,
    0.6666666666666666,
    0.7272727272727273,
    0.6666666666666666,
    0.7272727272727273,
    0.7619047619047619,
    0.7272727272727273,
    0.7272727272727273,
    0.7272727272727273,
    0.7272727272727273,
    0.7272727272727273,
    0.7272727272727273,
    0.7272727272727273,
    0.7272727272727273,
    0.7272727272727273,
    0.7272727272727273,
    0.7272727272727273,
    0.7272727272727273,
    0.7272727272727273,
    0.7272727272727273,
    0.7272727272727273
  ],
  "val_recall": [
    0.0,
    0.05555555555555555,
    0.8888888888888888,
    0.6111111111111112,
    0.6111111111111112,
    0.6666666666666666,
    0.7222222222222222,
    0.8888888888888888,
    0.8888888888888888,
    0.8888888888888888,
    0.8888888888888888,
    0.8888888888888888,
    0.8888888888888888,
    0.8888888888888888,
    0.8888888888888888,
    0.8888888888888888,
    0.8888888888888888,
    0.8888888888888888,
    0.8888888888888888,
    0.8888888888888888,
    0.8888888888888888,
    0.8888888888888888,
    0.8888888888888888,
    0.8888888888888888,
    0.8888888888888888,
    0.8888888888888888,
    0.8888888888888888,
    0.8888888888888888,
    0.8888888888888888,
    0.8888888888888888
  ],