{
  "train_loss": [
    0.6939737254923041,
    0.6656598502939398,
    0.641636691310189,
    0.6228729703209617,
    0.6131951700557362,
    0.6103649518706582,
    0.6087340983477506,
    0.6147872480479154,
    0.6026352643966675,
    0.6104229471900247,
    0.5959857106208801,
    0.5871706171469255,
    0.5888974666595459,
    0.59155503728173,
    0.5852580666542053,
    0.5827794887802817,
    0.585427847775546,
    0.5962165323170748,
    0.5869328325445001,
    0.573218822479248,
    0.5897851207039573,
    0.5702994465827942,
    0.5834457278251648,
    0.5762386213649403,
    0.5687471682375128,
    0.5725848999890414,
    0.5637369968674399,
    0.57807227156379,
    0.5696287263523448,
    0.5643569881265814
  ],
  "train_accuracy": [
    0.5524691358024691,
    0.5524691358024691,
    0.5524691358024691,
    0.5524691358024691,
    0.5339506172839507,
    0.5648148148148148,
    0.5709876543209876,
    0.5524691358024691,
    0.5740740740740741,
    0.5339506172839507,
    0.5462962962962963,
    0.5987654320987654,
    0.5833333333333334,
    0.595679012345679,
    0.6080246913580247,
    0.5864197530864198,
    0.6049382716049383,
    0.5925925925925926,
    0.5802469135802469,
    0.6203703703703703,
    0.5987654320987654,
    0.6388888888888888,
    0.6203703703703703,
    0.5771604938271605,
    0.6111111111111112,
    0.6018518518518519,
    0.6049382716049383,
    0.6018518518518519,
    0.5895061728395061,
    0.6419753086419753
  ],
  "train_precision": [
    0.5524691358024691,
    0.5524691358024691,
    0.5524691358024691,
    0.5524691358024691,
    0.5630630630630631,
    0.6417910447761194,
    0.5952380952380952,
    0.6011904761904762,
    0.7662337662337663,
    0.6111111111111112,
    0.6509433962264151,
    0.7247706422018348,
    0.7156862745098039,
    0.7181818181818181,
    0.7063492063492064,
    0.6744186046511628,
    0.6711409395973155,
    0.7008547008547008,
    0.6869565217391305,
    0.7641509433962265,
    0.689922480620155,
    0.746031746031746,
    0.71875,
    0.6909090909090909,
    0.7345132743362832,
    0.6984126984126984,
    0.7256637168141593,
    0.7232142857142857,
    0.7169811320754716,
    0.7739130434782608
  ],
  "train_recall": [
    1.0,
    1.0,
    1.0,
    1.0,
    0.6983240223463687,
    0.48044692737430167,
    0.6983240223463687,
    0.5642458100558659,
    0.329608938547486,
    0.4301675977653631,
    0.3854748603351955,
    0.441340782122905,
    0.40782122905027934,
    0.441340782122905,
    0.4972067039106145,
    0.4860335195530726,
    0.5586592178770949,
    0.4581005586592179,
    0.441340782122905,
    0.45251396648044695,
    0.4972067039106145,
    0.5251396648044693,
    0.5139664804469274,
    0.4245810055865922,
    0.46368715083798884,
    0.49162011173184356,
    0.4581005586592179,
    0.45251396648044695,
    0.4245810055865922,
    0.4972067039106145
  ],
  "train_f1": [
    0.7117296222664016,
    0.7117296222664016,
    0.7117296222664016,
    0.7117296222664016,
    0.6234413965087282,
    0.549520766773163,
    0.6426735218508998,
    0.5821325648414986,
    0.4609375,
    0.5049180327868853,
    0.4842105263157895,
    0.5486111111111112,
    0.5195729537366548,
    0.5467128027681661,
    0.5836065573770491,
    0.564935064935065,
    0.6097560975609756,
    0.5540540540540541,
    0.5374149659863946,
    0.5684210526315789,
    0.577922077922078,
    0.6163934426229508,
    0.5993485342019544,
    0.5259515570934256,
    0.5684931506849316,
    0.5770491803278689,
    0.5616438356164384,
    0.5567010309278351,
    0.5333333333333333,
    0.6054421768707483
  ],
  "train_roc_auc": [
    0.3597380080909266,
    0.4368715083798883,
    0.45848584087844346,
    0.5506068194952803,
    0.5736466962049702,
    0.6347909843960701,
    0.6078597572722019,
    0.5999614717780775,
    0.6219610864958582,
    0.568252745135812,
    0.6315546137545751,
    0.6866114428819109,
    0.60662685417068,
    0.659564631092275,
    0.6827200924677325,
    0.6653053361587362,
    0.6564053168946252,
    0.6693507994606049,
    0.6784434598343286,
    0.7010595261028703,
    0.6573685224426893,
    0.7092660373723754,
    0.6926218455018301,
    0.699865151223271,
    0.7095357349258331,
    0.6993257561163551,
    0.7126565209015605,
    0.6849932575611637,
    0.7022153727605471,
    0.726565209015604
  ],
  "train_pr_auc": [
    0.47438950219096176,
    0.5064378858913754,
    0.5158614522541636,
    0.604513586624309,
    0.6492116749361615,
    0.6779177490855874,
    0.6583193530552622,
    0.6528564961002976,
    0.6955417483276645,
    0.6681554865260764,
    0.679819785882156,
    0.7170594235182076,
    0.69898622900573,
    0.7030914186043413,
    0.7165097112942977,
    0.7081723093132274,
    0.7062217251982784,
    0.7179835682117814,
    0.719710388785479,
    0.7239852600123867,
    0.6898204869906097,
    0.75385671991319,
    0.7310554307590843,
    0.7342072961095664,
    0.7373213850480327,
    0.7362309757951837,
    0.7465736010899564,
    0.7201028481834961,
    0.7583015897817224,
    0.756697508889165
  ],
  "val_loss": [
    0.6639247536659241,
    0.6419830520947775,
    0.6183900833129883,
    0.6148224870363871,
    0.609288493792216,
    0.602323075135549,
    0.6005754470825195,
    0.5976825555165609,
    0.5924290219942728,
    0.585182785987854,
    0.5838574568430582,
    0.5699550906817118,
    0.5683494806289673,
    0.5643637577692667,
    0.5678343772888184,
    0.5679159959157308,
    0.5623692870140076,
    0.557003378868103,
    0.5530396302541097,
    0.5454097390174866,
    0.545794685681661,
    0.5456399917602539,
    0.5456077059110006,
    0.5453102389971415,
    0.5445184111595154,
    0.5442434946695963,
    0.5436296860376993,
    0.5432243744532267,
    0.5431101123491923,
    0.5430997411410013
  ],
  "val_accuracy": [
    0.5432098765432098,
    0.5432098765432098,
    0.5432098765432098,
    0.5432098765432098,
    0.5308641975308642,
    0.5555555555555556,
    0.5061728395061729,
    0.5679012345679012,
    0.6172839506172839,
    0.6666666666666666,
    0.6049382716049383,
    0.6419753086419753,
    0.6296296296296297,
    0.6419753086419753,
    0.6296296296296297,
    0.6172839506172839,
    0.6172839506172839,
    0.654320987654321,
    0.6419753086419753,
    0.6419753086419753,
    0.6419753086419753,
    0.6296296296296297,
    0.6419753086419753,
    0.6419753086419753,
    0.6419753086419753,
    0.6419753086419753,
    0.6419753086419753,
    0.6419753086419753,
    0.6419753086419753,
    0.6419753086419753
  ],
  "val_precision": [
    0.5432098765432098,
    0.5432098765432098,
    0.5432098765432098,
    0.5432098765432098,
    0.7142857142857143,
    0.6818181818181818,
    0.54,
    0.8461538461538461,
    0.8823529411764706,
    0.9047619047619048,
    0.875,
    0.8571428571428571,
    0.85,
    0.8571428571428571,
    0.7916666666666666,
    0.76,
    0.782608695652174,
    0.9,
    0.8947368421052632,
    0.8571428571428571,
    0.8571428571428571,
    0.8181818181818182,
    0.8571428571428571,
    0.8571428571428571,
    0.8571428571428571,
    0.8571428571428571,
    0.8571428571428571,
    0.8571428571428571,
    0.8571428571428571,
    0.8571428571428571
  ],
  "val_recall": [
    1.0,
    1.0,
    1.0,
    1.0,
    0.22727272727272727,
    0.3409090909090909,
    0.6136363636363636,
    0.25,
    0.3409090909090909,
    0.4318181818181818,
    0.3181818181818182,
    0.4090909090909091,
    0.38636363636363635,
    0.4090909090909091,
    0.4318181818181818,
    0.4318181818181818,
    0.4090909090909091,
    0.4090909090909091,
    0.38636363636363635,
    0.4090909090909091,
    0.4090909090909091,
    0.4090909090909091,
    0.4090909090909091,
    0.4090909090909091,
    0.4090909090909091,
    0.4090909090909091,
    0.4090909090909091,
    0.4090909090909091,
    0.4090909090909091,
    0.4090909090909091
  ],