{
  "train_loss": [
    1.1243608370423317,
    1.0784126222133636,
    1.0535122752189636,
    1.0367201939225197,
    1.02822095900774,
    1.0294755175709724,
    0.9857274889945984,
    0.9386986866593361,
    0.8828642666339874,
    0.8377358093857765,
    0.8215280026197433,
    0.792403407394886,
    0.7259226217865944,
    0.7345097586512566,
    0.746880903840065,
    0.7051019072532654,
    0.6707528606057167,
    0.7003942206501961,
    0.6151812560856342,
    0.6831814385950565,
    0.6562605425715446,
    0.6670982912182808,
    0.6194711104035378,
    0.6354081630706787,
    0.6506386175751686,
    0.6541779264807701,
    0.6080340966582298,
    0.6708025187253952,
    0.6187870241701603,
    0.6580514498054981
  ],
  "train_accuracy": [
    0.7541666666666667,
    0.7541666666666667,
    0.7541666666666667,
    0.7541666666666667,
    0.7458333333333333,
    0.7333333333333333,
    0.7375,
    0.7375,
    0.6958333333333333,
    0.7291666666666666,
    0.6833333333333333,
    0.7583333333333333,
    0.7708333333333334,
    0.7541666666666667,
    0.7541666666666667,
    0.7958333333333333,
    0.7875,
    0.8,
    0.8041666666666667,
    0.8,
    0.7958333333333333,
    0.7958333333333333,
    0.7958333333333333,
    0.8083333333333333,
    0.8083333333333333,
    0.7916666666666666,
    0.825,
    0.8041666666666667,
    0.8416666666666667,
    0.8166666666666667
  ],
  "train_precision": [
    0.0,
    0.0,
    0.0,
    0.0,
    0.375,
    0.4074074074074074,
    0.46875,
    0.47959183673469385,
    0.43636363636363634,
    0.4659090909090909,
    0.432,
    0.5051546391752577,
    0.5208333333333334,
    0.5,
    0.5,
    0.5568181818181818,
    0.54,
    0.5578947368421052,
    0.5625,
    0.5632183908045977,
    0.5595238095238095,
    0.5568181818181818,
    0.5510204081632653,
    0.5730337078651685,
    0.5747126436781609,
    0.5473684210526316,
    0.5934065934065934,
    0.5681818181818182,
    0.6265060240963856,
    0.5862068965517241
  ],
  "train_recall": [
    0.0,
    0.0,
    0.0,
    0.0,
    0.05084745762711865,
    0.1864406779661017,
    0.5084745762711864,
    0.7966101694915254,
    0.8135593220338984,
    0.6949152542372882,
    0.9152542372881356,
    0.8305084745762712,
    0.847457627118644,
    0.8983050847457628,
    0.8305084745762712,
    0.8305084745762712,
    0.9152542372881356,
    0.8983050847457628,
    0.9152542372881356,
    0.8305084745762712,
    0.7966101694915254,
    0.8305084745762712,
    0.9152542372881356,
    0.864406779661017,
    0.847457627118644,
    0.8813559322033898,
    0.9152542372881356,
    0.847457627118644,
    0.8813559322033898,
    0.864406779661017
  ],
  "train_f1": [
    0.0,
    0.0,
    0.0,
    0.0,
    0.08955223880597014,
    0.2558139534883721,
    0.4878048780487805,
    0.5987261146496815,
    0.5680473372781065,
    0.5578231292517006,
    0.5869565217391305,
    0.6282051282051282,
    0.6451612903225806,
    0.6424242424242425,
    0.6242038216560509,
    0.6666666666666666,
    0.6792452830188679,
    0.6883116883116883,
    0.6967741935483871,
    0.6712328767123288,
    0.6573426573426573,
    0.6666666666666666,
    0.6878980891719745,
    0.6891891891891891,
    0.684931506849315,
    0.6753246753246753,
    0.72,
    0.6802721088435374,
    0.7323943661971831,
    0.6986301369863014
  ],
  "train_roc_auc": [
    0.5148422136904205,
    0.5238318194587508,
    0.5452757748852889,
    0.5949058900646128,
    0.6283359865155913,
    0.7079314542560164,
    0.7915535162468396,
    0.8129038299466242,
    0.7911789493398258,
    0.8306021163030246,
    0.799700346474389,
    0.8197396759996254,
    0.8483940443861785,
    0.8584137091487967,
    0.8541061897181385,
    0.8625339451259482,
    0.8585073508755502,
    0.8583200674220433,
    0.8941848487686113,
    0.8615975278584137,
    0.8755501451446764,
    0.8762056372319504,
    0.8893154789774323,
    0.8680588070044011,
    0.8814495739301433,
    0.862721228579455,
    0.8727408933420732,
    0.8615975278584137,
    0.889034553797172,
    0.8478321940256579
  ],
  "train_pr_auc": [
    0.3075352010981696,
    0.2957036044301424,
    0.28376643621949227,
    0.3135468750340431,
    0.3399536344328705,
    0.43581860654759064,
    0.5373896594067799,
    0.5622878239539995,
    0.4501681415728414,
    0.5556777053522507,
    0.5144768649655569,
    0.4977511768995254,
    0.5632305049855889,
    0.634169232292576,
    0.584044097355877,
    0.6006332285864824,
    0.5947283563472845,
    0.5667361026382912,
    0.6752476530104501,
    0.607734535486506,
    0.6864777028255064,
    0.6815831391573677,
    0.6855726947655928,
    0.6204577298832976,
    0.6667468061072457,
    0.6039791643077893,
    0.6115448512314867,
    0.5957038289036756,
    0.6786635229134299,
    0.5599107382116792
  ],
  "val_loss": [
    1.222668319940567,
    1.1870734095573425,
    1.1368753910064697,
    1.109097808599472,
    1.0926986336708069,
    1.0727237462997437,
    1.0164780914783478,
    0.967049777507782,
    0.9204549789428711,
    0.8350064158439636,
    0.7753943204879761,
    0.7844132483005524,
    0.7365756928920746,
    0.724550724029541,
    0.7566496729850769,
    0.701585590839386,
    0.6862602829933167,
    0.676859974861145,
    0.6655100584030151,
    0.6671644747257233,
    0.6558126360177994,
    0.6501717269420624,
    0.6456797569990158,
    0.6437327563762665,
    0.642831027507782,
    0.641719713807106,
    0.6409001797437668,
    0.6401803642511368,
    0.6399628072977066,
    0.63990718126297
  ],
  "val_accuracy": [
    0.7049180327868853,
    0.7049180327868853,
    0.7049180327868853,
    0.7049180327868853,
    0.7213114754098361,
    0.7213114754098361,
    0.8032786885245902,
    0.7704918032786885,
    0.7540983606557377,
    0.819672131147541,
    0.819672131147541,
    0.819672131147541,
    0.819672131147541,
    0.819672131147541,
    0.819672131147541,
    0.8360655737704918,
    0.819672131147541,
    0.8360655737704918,
    0.8360655737704918,
    0.8688524590163934,
    0.8360655737704918,
    0.8524590163934426,
    0.8524590163934426,
    0.8524590163934426,
    0.8852459016393442,
    0.8852459016393442,
    0.8688524590163934,
    0.8688524590163934,
    0.8688524590163934,
    0.8688524590163934
  ],
  "val_precision": [
    0.0,
    0.0,
    0.0,
    0.0,
    1.0,
    0.6666666666666666,
    0.6363636363636364,
    0.5909090909090909,
    0.5882352941176471,
    0.64,
    0.64,
    0.6521739130434783,
    0.64,
    0.64,
    0.6666666666666666,
    0.6666666666666666,
    0.64,
    0.6666666666666666,
    0.6818181818181818,
    0.75,
    0.6818181818181818,
    0.6956521739130435,
    0.6956521739130435,
    0.6956521739130435,
    0.7619047619047619,
    0.7619047619047619,
    0.75,
    0.75,
    0.75,
    0.75
  ],
  "val_recall": [
    0.0,
    0.0,
    0.0,
    0.0,
    0.05555555555555555,
    0.1111111111111111,
    0.7777777777777778,
    0.7222222222222222,
    0.5555555555555556,
    0.8888888888888888,
    0.8888888888888888,
    0.8333333333333334,
    0.8888888888888888,
    0.8888888888888888,
    0.7777777777777778,
    0.8888888888888888,
    0.8888888888888888,
    0.8888888888888888,
    0.8333333333333334,
    0.8333333333333334,
    0.8333333333333334,
    0.8888888888888888,
    0.8888888888888888,
    0.8888888888888888,
    0.8888888888888888,
    0.8888888888888888,
    0.8333333333333334,
    0.8333333333333334,
    0.8333333333333334,
    0.8333333333333334
  ],