{
  "train_loss": [
    0.9400279447436333,
    0.9346450865268707,
    0.9122854396700859,
    0.9115128815174103,
    0.87006476521492,
    0.8158107101917267,
    0.7570465430617332,
    0.6568072140216827,
    0.6330864280462265,
    0.5768726691603661,
    0.5556761883199215,
    0.46438204124569893,
    0.4852963574230671,
    0.43202927708625793,
    0.4040766693651676,
    0.4182238355278969,
    0.36174948140978813,
    0.35162694938480854,
    0.42766132950782776,
    0.35419475100934505,
    0.3619507662951946,
    0.38686084374785423,
    0.35935590974986553,
    0.3403214868158102,
    0.3634616360068321,
    0.34509986639022827,
    0.32280260138213634,
    0.39015890285372734,
    0.44707758724689484,
    0.3709270507097244
  ],
  "train_accuracy": [
    0.32786885245901637,
    0.3360655737704918,
    0.48360655737704916,
    0.6475409836065574,
    0.7540983606557377,
    0.7704918032786885,
    0.7786885245901639,
    0.819672131147541,
    0.8442622950819673,
    0.8278688524590164,
    0.8442622950819673,
    0.9057377049180327,
    0.8770491803278688,
    0.8770491803278688,
    0.9139344262295082,
    0.889344262295082,
    0.9180327868852459,
    0.9098360655737705,
    0.8770491803278688,
    0.9139344262295082,
    0.9057377049180327,
    0.9057377049180327,
    0.9139344262295082,
    0.9221311475409836,
    0.9180327868852459,
    0.9180327868852459,
    0.9139344262295082,
    0.9016393442622951,
    0.8729508196721312,
    0.8975409836065574
  ],
  "train_precision": [
    0.32644628099173556,
    0.3277310924369748,
    0.375,
    0.45,
    0.7380952380952381,
    0.6818181818181818,
    0.6444444444444445,
    0.6764705882352942,
    0.7386363636363636,
    0.6938775510204082,
    0.7560975609756098,
    0.8131868131868132,
    0.7777777777777778,
    0.7659574468085106,
    0.8105263157894737,
    0.7789473684210526,
    0.8571428571428571,
    0.8222222222222222,
    0.7717391304347826,
    0.8314606741573034,
    0.8131868131868132,
    0.8131868131868132,
    0.8390804597701149,
    0.8426966292134831,
    0.8333333333333334,
    0.8333333333333334,
    0.8105263157894737,
    0.8181818181818182,
    0.7752808988764045,
    0.8021978021978022
  ],
  "train_recall": [
    0.9875,
    0.975,
    0.8625,
    0.3375,
    0.3875,
    0.5625,
    0.725,
    0.8625,
    0.8125,
    0.85,
    0.775,
    0.925,
    0.875,
    0.9,
    0.9625,
    0.925,
    0.9,
    0.925,
    0.8875,
    0.925,
    0.925,
    0.925,
    0.9125,
    0.9375,
    0.9375,
    0.9375,
    0.9625,
    0.9,
    0.8625,
    0.9125
  ],
  "train_f1": [
    0.4906832298136646,
    0.49056603773584906,
    0.5227272727272727,
    0.38571428571428573,
    0.5081967213114754,
    0.6164383561643836,
    0.6823529411764706,
    0.7582417582417582,
    0.7738095238095238,
    0.7640449438202247,
    0.7654320987654321,
    0.8654970760233918,
    0.8235294117647058,
    0.8275862068965517,
    0.88,
    0.8457142857142858,
    0.8780487804878049,
    0.8705882352941177,
    0.8255813953488372,
    0.8757396449704142,
    0.8654970760233918,
    0.8654970760233918,
    0.874251497005988,
    0.8875739644970414,
    0.8823529411764706,
    0.8823529411764706,
    0.88,
    0.8571428571428571,
    0.8165680473372781,
    0.8538011695906432
  ],
  "train_roc_auc": [
    0.5442073170731709,
    0.562576219512195,
    0.6791920731707317,
    0.635670731707317,
    0.7982469512195122,
    0.8533536585365853,
    0.8669969512195121,
    0.8962652439024391,
    0.8756097560975611,
    0.8964939024390244,
    0.9095274390243904,
    0.931859756097561,
    0.9222560975609755,
    0.9503048780487804,
    0.9548018292682927,
    0.9422256097560975,
    0.9629573170731707,
    0.9670731707317073,
    0.9396341463414634,
    0.9572408536585366,
    0.9599085365853659,
    0.9417682926829268,
    0.9464939024390243,
    0.9623475609756097,
    0.9504573170731708,
    0.9494664634146341,
    0.9647103658536585,
    0.9398628048780489,
    0.936204268292683,
    0.9482469512195122
  ],
  "train_pr_auc": [
    0.37929666153112107,
    0.35156397139923434,
    0.4881321766778586,
    0.4475587666359184,
    0.6613424418414461,
    0.6508851764750604,
    0.7540026055146022,
    0.7383213296859719,
    0.7673988077265794,
    0.7639843181462359,
    0.796325254277212,
    0.837005432902104,
    0.8243739618001041,
    0.8796162901046746,
    0.8724386223904639,
    0.8245714997672488,
    0.9067459844616347,
    0.9270599039995941,
    0.8580819565596993,
    0.9182014915960809,
    0.9027002722058639,
    0.8711581692061869,
    0.8693937861543601,
    0.916269845229912,
    0.8822196423439769,
    0.8824009862056996,
    0.9059712824052766,
    0.8402646720809058,
    0.8722952002492108,
    0.8565730762412171
  ],
  "val_loss": [
    0.9489994943141937,
    0.9390169680118561,
    0.9167901277542114,
    0.8888801038265228,
    0.8328195512294769,
    0.7515285611152649,
    0.6606868207454681,
    0.5828903019428253,
    0.4805389940738678,
    0.4520162343978882,
    0.388269305229187,
    0.3499167561531067,
    0.3102627396583557,
    0.2861110717058182,
    0.2705792486667633,
    0.2406911626458168,
    0.23041462898254395,
    0.2236727476119995,
    0.22296036779880524,
    0.21489917486906052,
    0.2056712508201599,
    0.20381642132997513,
    0.20101512968540192,
    0.19613933563232422,
    0.19351933151483536,
    0.19165045022964478,
    0.19036336243152618,
    0.18990059196949005,
    0.18976574391126633,
    0.18971795588731766
  ],
  "val_accuracy": [
    0.3548387096774194,
    0.3548387096774194,
    0.8064516129032258,
    0.7741935483870968,
    0.8064516129032258,
    0.8387096774193549,
    0.8225806451612904,
    0.8870967741935484,
    0.9354838709677419,
    0.9193548387096774,
    0.9193548387096774,
    0.9354838709677419,
    0.9354838709677419,
    0.9516129032258065,
    0.9516129032258065,
    0.967741935483871,
    0.967741935483871,
    0.967741935483871,
    0.967741935483871,
    0.967741935483871,
    0.967741935483871,
    0.967741935483871,
    0.967741935483871,
    0.967741935483871,
    0.967741935483871,
    0.967741935483871,
    0.967741935483871,
    0.967741935483871,
    0.967741935483871,
    0.967741935483871
  ],
  "val_precision": [
    0.3548387096774194,
    0.3548387096774194,
    0.8571428571428571,
    0.9,
    0.9166666666666666,
    0.875,
    0.8235294117647058,
    0.8947368421052632,
    0.875,
    0.9047619047619048,
    0.9047619047619048,
    0.95,
    0.9090909090909091,
    0.9130434782608695,
    0.9130434782608695,
    0.9545454545454546,
    0.9545454545454546,
    0.9545454545454546,
    0.9545454545454546,
    0.9545454545454546,
    0.9545454545454546,
    0.9545454545454546,
    0.9545454545454546,
    0.9545454545454546,
    0.9545454545454546,
    0.9545454545454546,
    0.9545454545454546,
    0.9545454545454546,
    0.9545454545454546,
    0.9545454545454546
  ],
  "val_recall": [
    1.0,
    1.0,
    0.5454545454545454,
    0.4090909090909091,
    0.5,
    0.6363636363636364,
    0.6363636363636364,
    0.7727272727272727,
    0.9545454545454546,
    0.8636363636363636,
    0.8636363636363636,
    0.8636363636363636,
    0.9090909090909091,
    0.9545454545454546,
    0.9545454545454546,
    0.9545454545454546,
    0.9545454545454546,
    0.9545454545454546,
    0.9545454545454546,
    0.9545454545454546,
    0.9545454545454546,
    0.9545454545454546,
    0.9545454545454546,
    0.9545454545454546,
    0.9545454545454546,
    0.9545454545454546,
    0.9545454545454546,
    0.9545454545454546,
    0.9545454545454546,
    0.9545454545454546
  ],