{
  "train_loss": [
    1.1044693440198898,
    1.0754922851920128,
    1.0543964058160782,
    1.0270049795508385,
    0.9893868714570999,
    0.9257337599992752,
    0.8801792114973068,
    0.8327139616012573,
    0.7922971248626709,
    0.7454075291752815,
    0.6624630391597748,
    0.6145953238010406,
    0.5682168826460838,
    0.6681526713073254,
    0.5668535232543945,
    0.5436756014823914,
    0.5174932852387428,
    0.5047726966440678,
    0.48558689653873444,
    0.5125072002410889,
    0.48055919259786606,
    0.5412488467991352,
    0.5057907961308956,
    0.37924393452703953,
    0.4176739640533924,
    0.4892548378556967,
    0.48057400435209274,
    0.44159606099128723,
    0.4315153881907463,
    0.48313288390636444
  ],
  "train_accuracy": [
    0.7208333333333333,
    0.5875,
    0.42916666666666664,
    0.4166666666666667,
    0.5875,
    0.6458333333333334,
    0.6958333333333333,
    0.7,
    0.7458333333333333,
    0.75,
    0.7916666666666666,
    0.8,
    0.8625,
    0.8166666666666667,
    0.8125,
    0.8416666666666667,
    0.85,
    0.8333333333333334,
    0.8541666666666666,
    0.8541666666666666,
    0.8375,
    0.8333333333333334,
    0.8416666666666667,
    0.8916666666666667,
    0.8625,
    0.8666666666666667,
    0.8708333333333333,
    0.8708333333333333,
    0.8583333333333333,
    0.8583333333333333
  ],
  "train_precision": [
    0.21428571428571427,
    0.20588235294117646,
    0.27058823529411763,
    0.27624309392265195,
    0.3305084745762712,
    0.38596491228070173,
    0.43636363636363634,
    0.4444444444444444,
    0.48936170212765956,
    0.49504950495049505,
    0.550561797752809,
    0.5567010309278351,
    0.6547619047619048,
    0.5842696629213483,
    0.5795454545454546,
    0.6179775280898876,
    0.6419753086419753,
    0.6067415730337079,
    0.6463414634146342,
    0.6463414634146342,
    0.6111111111111112,
    0.6172839506172839,
    0.6206896551724138,
    0.7037037037037037,
    0.6477272727272727,
    0.6666666666666666,
    0.6794871794871795,
    0.675,
    0.6436781609195402,
    0.6666666666666666
  ],
  "train_recall": [
    0.05084745762711865,
    0.23728813559322035,
    0.7796610169491526,
    0.847457627118644,
    0.6610169491525424,
    0.7457627118644068,
    0.8135593220338984,
    0.8813559322033898,
    0.7796610169491526,
    0.847457627118644,
    0.8305084745762712,
    0.9152542372881356,
    0.9322033898305084,
    0.8813559322033898,
    0.864406779661017,
    0.9322033898305084,
    0.8813559322033898,
    0.9152542372881356,
    0.8983050847457628,
    0.8983050847457628,
    0.9322033898305084,
    0.847457627118644,
    0.9152542372881356,
    0.9661016949152542,
    0.9661016949152542,
    0.9152542372881356,
    0.8983050847457628,
    0.9152542372881356,
    0.9491525423728814,
    0.847457627118644
  ],
  "train_f1": [
    0.0821917808219178,
    0.2204724409448819,
    0.4017467248908297,
    0.4166666666666667,
    0.4406779661016949,
    0.5086705202312138,
    0.5680473372781065,
    0.5909090909090909,
    0.6013071895424836,
    0.625,
    0.6621621621621622,
    0.6923076923076923,
    0.7692307692307693,
    0.7027027027027027,
    0.6938775510204082,
    0.7432432432432432,
    0.7428571428571429,
    0.7297297297297297,
    0.75177304964539,
    0.75177304964539,
    0.738255033557047,
    0.7142857142857143,
    0.7397260273972602,
    0.8142857142857143,
    0.7755102040816326,
    0.7714285714285715,
    0.7737226277372263,
    0.7769784172661871,
    0.7671232876712328,
    0.746268656716418
  ],
  "train_roc_auc": [
    0.4781346568030715,
    0.4994849705028561,
    0.5657833130442924,
    0.6303961045041669,
    0.6831163966663545,
    0.7525049161906546,
    0.7813465680307145,
    0.812435621312857,
    0.8144957393014327,
    0.8290102069482161,
    0.8772356962262384,
    0.8786403221275402,
    0.9008334113681057,
    0.8920310890532822,
    0.8954958329431596,
    0.9163779380091769,
    0.9180634890907389,
    0.9307987639292068,
    0.9318288229234947,
    0.9219027998876299,
    0.9330461653712895,
    0.9186253394512595,
    0.9244311265099728,
    0.9595467740425133,
    0.9475606330180728,
    0.9332334488247963,
    0.9435340387676749,
    0.9492461840996348,
    0.9404438617848113,
    0.9340762243655774
  ],
  "train_pr_auc": [
    0.23776831735824705,
    0.23641315489565656,
    0.2894838306302702,
    0.34029606748312935,
    0.3863460975837228,
    0.4767654205450847,
    0.48480759157632203,
    0.5417453579268927,
    0.4934629864340857,
    0.5509000724378575,
    0.6762596371552987,
    0.6304192214388573,
    0.6695960233141028,
    0.6925950991924165,
    0.7121131522282086,
    0.7579857946275625,
    0.7353215490129927,
    0.7995988045630184,
    0.773706022332801,
    0.726530884280095,
    0.7830694087204546,
    0.795400251897036,
    0.770718059549701,
    0.8592356469177264,
    0.8435346009483612,
    0.78527155612876,
    0.8543890341113871,
    0.8718664137967566,
    0.8082424474602106,
    0.8150509028826072
  ],
  "val_loss": [
    1.188034564256668,
    1.1054692566394806,
    1.0743801295757294,
    1.0550388991832733,
    1.0473015904426575,
    0.961838573217392,
    0.9029604196548462,
    0.8315653502941132,
    0.7711790502071381,
    0.7311587333679199,
    0.7531158328056335,
    0.7188779413700104,
    0.7033760845661163,
    0.7201095521450043,
    0.6783500611782074,
    0.663998544216156,
    0.6554318070411682,
    0.6434213221073151,
    0.6462568938732147,
    0.6328088045120239,
    0.6276933252811432,
    0.6174492835998535,
    0.6134247481822968,
    0.6120420396327972,
    0.6167701184749603,
    0.6198557317256927,
    0.6194426417350769,
    0.6185199916362762,
    0.6185118556022644,
    0.6185497045516968
  ],
  "val_accuracy": [
    0.6885245901639344,
    0.47540983606557374,
    0.5245901639344263,
    0.5573770491803278,
    0.6885245901639344,
    0.7049180327868853,
    0.8360655737704918,
    0.8360655737704918,
    0.8524590163934426,
    0.8360655737704918,
    0.8524590163934426,
    0.8360655737704918,
    0.8524590163934426,
    0.8852459016393442,
    0.8852459016393442,
    0.8852459016393442,
    0.8852459016393442,
    0.8852459016393442,
    0.8852459016393442,
    0.8852459016393442,
    0.8852459016393442,
    0.8852459016393442,
    0.8852459016393442,
    0.8852459016393442,
    0.8852459016393442,
    0.8852459016393442,
    0.8852459016393442,
    0.8852459016393442,
    0.8852459016393442,
    0.8852459016393442
  ],
  "val_precision": [
    0.0,
    0.3055555555555556,
    0.37209302325581395,
    0.3902439024390244,
    0.4666666666666667,
    0.5,
    0.6666666666666666,
    0.6818181818181818,
    0.6956521739130435,
    0.6818181818181818,
    0.7142857142857143,
    0.6818181818181818,
    0.7142857142857143,
    0.7894736842105263,
    0.7894736842105263,
    0.7894736842105263,
    0.7894736842105263,
    0.7894736842105263,
    0.7894736842105263,
    0.7894736842105263,
    0.7894736842105263,
    0.7894736842105263,
    0.7894736842105263,
    0.7894736842105263,
    0.7894736842105263,
    0.7894736842105263,
    0.7894736842105263,
    0.7894736842105263,
    0.7894736842105263,
    0.7894736842105263
  ],
  "val_recall": [
    0.0,
    0.6111111111111112,
    0.8888888888888888,
    0.8888888888888888,
    0.3888888888888889,
    0.8888888888888888,
    0.8888888888888888,
    0.8333333333333334,
    0.8888888888888888,
    0.8333333333333334,
    0.8333333333333334,
    0.8333333333333334,
    0.8333333333333334,
    0.8333333333333334,
    0.8333333333333334,
    0.8333333333333334,
    0.8333333333333334,
    0.8333333333333334,
    0.8333333333333334,
    0.8333333333333334,
    0.8333333333333334,
    0.8333333333333334,
    0.8333333333333334,
    0.8333333333333334,
    0.8333333333333334,
    0.8333333333333334,
    0.8333333333333334,
    0.8333333333333334,
    0.8333333333333334,
    0.8333333333333334
  ],