{
  "train_loss": [
    1.1618759408593178,
    1.110737793147564,
    1.091711312532425,
    1.0351696461439133,
    1.023221306502819,
    1.0037433132529259,
    1.008331522345543,
    0.9062322452664375,
    0.8258435726165771,
    0.8294755071401596,
    0.758521556854248,
    0.7374088987708092,
    0.6860785111784935,
    0.7010445147752762,
    0.7221323549747467,
    0.6744831502437592,
    0.6319942995905876,
    0.6217738017439842,
    0.5941231064498425,
    0.5529213435947895,
    0.58530168607831,
    0.6177704706788063,
    0.5306517295539379,
    0.5782121792435646,
    0.6291138343513012,
    0.5550810731947422,
    0.5710791945457458,
    0.589531272649765,
    0.5984604880213737,
    0.562200877815485
  ],
  "train_accuracy": [
    0.7458333333333333,
    0.7208333333333333,
    0.5791666666666667,
    0.43333333333333335,
    0.5291666666666667,
    0.5208333333333334,
    0.5666666666666667,
    0.6666666666666666,
    0.75,
    0.7541666666666667,
    0.7583333333333333,
    0.7791666666666667,
    0.7833333333333333,
    0.7666666666666667,
    0.7958333333333333,
    0.7875,
    0.7583333333333333,
    0.7958333333333333,
    0.8083333333333333,
    0.8333333333333334,
    0.8166666666666667,
    0.825,
    0.8333333333333334,
    0.8041666666666667,
    0.8041666666666667,
    0.8291666666666667,
    0.8291666666666667,
    0.8541666666666666,
    0.8125,
    0.825
  ],
  "train_precision": [
    0.3333333333333333,
    0.2777777777777778,
    0.18181818181818182,
    0.25161290322580643,
    0.3014705882352941,
    0.29411764705882354,
    0.3333333333333333,
    0.41732283464566927,
    0.49504950495049505,
    0.5,
    0.504950495049505,
    0.53125,
    0.5368421052631579,
    0.5145631067961165,
    0.5595238095238095,
    0.5408163265306123,
    0.5047619047619047,
    0.5510204081632653,
    0.5698924731182796,
    0.6091954022988506,
    0.5842696629213483,
    0.6,
    0.6021505376344086,
    0.5638297872340425,
    0.5681818181818182,
    0.6,
    0.6022727272727273,
    0.6428571428571429,
    0.5760869565217391,
    0.6
  ],
  "train_recall": [
    0.03389830508474576,
    0.0847457627118644,
    0.2033898305084746,
    0.6610169491525424,
    0.6949152542372882,
    0.6779661016949152,
    0.7627118644067796,
    0.8983050847457628,
    0.847457627118644,
    0.7966101694915254,
    0.864406779661017,
    0.864406779661017,
    0.864406779661017,
    0.8983050847457628,
    0.7966101694915254,
    0.8983050847457628,
    0.8983050847457628,
    0.9152542372881356,
    0.8983050847457628,
    0.8983050847457628,
    0.8813559322033898,
    0.864406779661017,
    0.9491525423728814,
    0.8983050847457628,
    0.847457627118644,
    0.9152542372881356,
    0.8983050847457628,
    0.9152542372881356,
    0.8983050847457628,
    0.864406779661017
  ],
  "train_f1": [
    0.06153846153846154,
    0.12987012987012986,
    0.192,
    0.3644859813084112,
    0.4205128205128205,
    0.41025641025641024,
    0.4639175257731959,
    0.5698924731182796,
    0.625,
    0.6143790849673203,
    0.6375,
    0.6580645161290323,
    0.6623376623376623,
    0.654320987654321,
    0.6573426573426573,
    0.6751592356687898,
    0.6463414634146342,
    0.6878980891719745,
    0.6973684210526315,
    0.726027397260274,
    0.7027027027027027,
    0.7083333333333334,
    0.7368421052631579,
    0.6928104575163399,
    0.6802721088435374,
    0.7248322147651006,
    0.7210884353741497,
    0.7552447552447552,
    0.7019867549668874,
    0.7083333333333334
  ],
  "train_roc_auc": [
    0.45669070137653345,
    0.4923681992695946,
    0.4550987920217249,
    0.5058526079220901,
    0.6388238599119769,
    0.6229984080906452,
    0.6579267721696788,
    0.7873396385429348,
    0.837906170989793,
    0.808409027062459,
    0.845116583949808,
    0.856353591160221,
    0.8611293192246465,
    0.8674969566438805,
    0.8674033149171271,
    0.8691825077254425,
    0.8879108530761307,
    0.8829478415581983,
    0.8983050847457628,
    0.9162842962824235,
    0.8944657739488717,
    0.8838842588257327,
    0.9192808315385336,
    0.892218372506789,
    0.8750819365109093,
    0.9095420919561756,
    0.9025189624496676,
    0.8917501638730219,
    0.9012079782751194,
    0.8945594156756251
  ],
  "train_pr_auc": [
    0.23375333385078692,
    0.25550501393867997,
    0.22279859054050458,
    0.25658031586378544,
    0.4130701172482283,
    0.34155681867904564,
    0.3331439272939003,
    0.5158474773772547,
    0.5759320381456505,
    0.5014196587986326,
    0.6132624222584403,
    0.5883932801996502,
    0.5878883085652439,
    0.6362035481733943,
    0.6096342225206931,
    0.5580721773729194,
    0.7249933436439996,
    0.5928332358213436,
    0.7051895297039028,
    0.7230733283203745,
    0.6498143984598217,
    0.6178532617487844,
    0.7300540787899039,
    0.6195199001494083,
    0.6336950427719638,
    0.7106891499220118,
    0.6697082904196532,
    0.6297630074566752,
    0.6953128212720072,
    0.6461322662388088
  ],
  "val_loss": [
    1.259985864162445,
    1.17718106508255,
    1.1011675298213959,
    1.0791095495224,
    1.063469558954239,
    1.0102411210536957,
    0.9604189097881317,
    0.8925239145755768,
    0.8158348202705383,
    0.7290351986885071,
    0.6962425708770752,
    0.6859180778264999,
    0.6507362127304077,
    0.6376543492078781,
    0.6479162871837616,
    0.6207955181598663,
    0.6082866340875626,
    0.5990512073040009,
    0.5902753472328186,
    0.5856794565916061,
    0.5804658979177475,
    0.5770701020956039,
    0.5757443457841873,
    0.5727290213108063,
    0.5712458044290543,
    0.5698877424001694,
    0.5691599547863007,
    0.5687619000673294,
    0.5686203241348267,
    0.5686038285493851
  ],
  "val_accuracy": [
    0.7049180327868853,
    0.7049180327868853,
    0.36065573770491804,
    0.3442622950819672,
    0.7704918032786885,
    0.6885245901639344,
    0.8032786885245902,
    0.819672131147541,
    0.8360655737704918,
    0.819672131147541,
    0.8360655737704918,
    0.8360655737704918,
    0.8360655737704918,
    0.8360655737704918,
    0.8524590163934426,
    0.8360655737704918,
    0.8360655737704918,
    0.8852459016393442,
    0.8852459016393442,
    0.8852459016393442,
    0.8688524590163934,
    0.8688524590163934,
    0.8688524590163934,
    0.8688524590163934,
    0.8852459016393442,
    0.8852459016393442,
    0.8852459016393442,
    0.8852459016393442,
    0.8852459016393442,
    0.8852459016393442
  ],
  "val_precision": [
    0.0,
    0.0,
    0.3018867924528302,
    0.3103448275862069,
    0.5769230769230769,
    0.48484848484848486,
    0.6153846153846154,
    0.64,
    0.6666666666666666,
    0.64,
    0.6666666666666666,
    0.6666666666666666,
    0.6666666666666666,
    0.6666666666666666,
    0.6956521739130435,
    0.6666666666666666,
    0.6666666666666666,
    0.7619047619047619,
    0.7619047619047619,
    0.7619047619047619,
    0.7272727272727273,
    0.7272727272727273,
    0.7272727272727273,
    0.7272727272727273,
    0.7619047619047619,
    0.7619047619047619,
    0.7619047619047619,
    0.7619047619047619,
    0.7619047619047619,
    0.7619047619047619
  ],
  "val_recall": [
    0.0,
    0.0,
    0.8888888888888888,
    1.0,
    0.8333333333333334,
    0.8888888888888888,
    0.8888888888888888,
    0.8888888888888888,
    0.8888888888888888,
    0.8888888888888888,
    0.8888888888888888,
    0.8888888888888888,
    0.8888888888888888,
    0.8888888888888888,
    0.8888888888888888,
    0.8888888888888888,
    0.8888888888888888,
    0.8888888888888888,
    0.8888888888888888,
    0.8888888888888888,
    0.8888888888888888,
    0.8888888888888888,
    0.8888888888888888,
    0.8888888888888888,
    0.8888888888888888,
    0.8888888888888888,
    0.8888888888888888,
    0.8888888888888888,
    0.8888888888888888,
    0.8888888888888888
  ],