{
  "train_loss": [
    0.7249746864492242,
    0.6853885325518522,
    0.6266642050309614,
    0.6199509393085133,
    0.6133436343886636,
    0.6180302554910834,
    0.6062640493566339,
    0.5970203443007036,
    0.6025211973623796,
    0.5740602829239585,
    0.5599971955472772,
    0.5649310810999437,
    0.5804845690727234,
    0.5237122828310187,
    0.5265085778453134,
    0.5172155824574557,
    0.5167619667269967,
    0.5049173154614188,
    0.508798824115233,
    0.5332708846439015,
    0.5016650828448209,
    0.49118211594494904,
    0.4797565151344646,
    0.48772451281547546,
    0.49716963280331006,
    0.4924503429369493,
    0.48549924113533716,
    0.4825420921499079,
    0.52516385641965,
    0.47856959429654206
  ],
  "train_accuracy": [
    0.5524691358024691,
    0.5524691358024691,
    0.5246913580246914,
    0.5,
    0.5833333333333334,
    0.5740740740740741,
    0.5833333333333334,
    0.6111111111111112,
    0.6080246913580247,
    0.6419753086419753,
    0.6574074074074074,
    0.6604938271604939,
    0.6265432098765432,
    0.6975308641975309,
    0.6975308641975309,
    0.7191358024691358,
    0.7160493827160493,
    0.7160493827160493,
    0.7345679012345679,
    0.7253086419753086,
    0.7160493827160493,
    0.7345679012345679,
    0.7438271604938271,
    0.7685185185185185,
    0.7407407407407407,
    0.7314814814814815,
    0.7129629629629629,
    0.7623456790123457,
    0.7098765432098766,
    0.7253086419753086
  ],
  "train_precision": [
    0.5524691358024691,
    0.5527950310559007,
    0.5661375661375662,
    0.5779816513761468,
    0.5973451327433629,
    0.6073298429319371,
    0.6692307692307692,
    0.6754966887417219,
    0.6287128712871287,
    0.7172413793103448,
    0.6976744186046512,
    0.7225806451612903,
    0.7101449275362319,
    0.7341040462427746,
    0.7213114754098361,
    0.7682926829268293,
    0.7636363636363637,
    0.8041958041958042,
    0.7627118644067796,
    0.734375,
    0.7514450867052023,
    0.7924528301886793,
    0.7790697674418605,
    0.7888888888888889,
    0.7653631284916201,
    0.7674418604651163,
    0.7415730337078652,
    0.7865168539325843,
    0.7428571428571429,
    0.7586206896551724
  ],
  "train_recall": [
    1.0,
    0.994413407821229,
    0.5977653631284916,
    0.35195530726256985,
    0.7541899441340782,
    0.6480446927374302,
    0.4860335195530726,
    0.5698324022346368,
    0.7094972067039106,
    0.5810055865921788,
    0.6703910614525139,
    0.6256983240223464,
    0.547486033519553,
    0.7094972067039106,
    0.7374301675977654,
    0.7039106145251397,
    0.7039106145251397,
    0.6424581005586593,
    0.7541899441340782,
    0.7877094972067039,
    0.7262569832402235,
    0.7039106145251397,
    0.7486033519553073,
    0.7932960893854749,
    0.7653631284916201,
    0.7374301675977654,
    0.7374301675977654,
    0.7821229050279329,
    0.7262569832402235,
    0.7374301675977654
  ],
  "train_f1": [
    0.7117296222664016,
    0.7105788423153693,
    0.5815217391304348,
    0.4375,
    0.6666666666666666,
    0.6270270270270271,
    0.5631067961165048,
    0.6181818181818182,
    0.6666666666666666,
    0.6419753086419753,
    0.6837606837606838,
    0.6706586826347305,
    0.6182965299684543,
    0.7215909090909091,
    0.7292817679558011,
    0.7346938775510204,
    0.7325581395348837,
    0.7142857142857143,
    0.7584269662921348,
    0.7601078167115903,
    0.7386363636363636,
    0.7455621301775148,
    0.7635327635327636,
    0.7910863509749304,
    0.7653631284916201,
    0.7521367521367521,
    0.7394957983193278,
    0.7843137254901961,
    0.7344632768361582,
    0.7478753541076487
  ],
  "train_roc_auc": [
    0.5271816605663648,
    0.48634174532845315,
    0.5048738200732036,
    0.49770757079560785,
    0.5644384511654787,
    0.5984973993450202,
    0.615180119437488,
    0.6624542477364671,
    0.6377191292621845,
    0.7074937391639378,
    0.6975534579079176,
    0.6989404738971295,
    0.6798690040454631,
    0.7513773839337314,
    0.7462916586399537,
    0.7644384511654788,
    0.7661722211519938,
    0.7798882681564245,
    0.7795029859371989,
    0.7774224619533809,
    0.7793103448275862,
    0.7941437102677711,
    0.7937198998266229,
    0.8209208245039492,
    0.7789635908302833,
    0.7937969562704681,
    0.7878250818724716,
    0.8100943941437102,
    0.7759583895203236,
    0.802350221537276
  ],
  "train_pr_auc": [
    0.5978997305323631,
    0.5705781017511826,
    0.5592396713169282,
    0.5591770039402821,
    0.6143941753469562,
    0.6521538940139079,
    0.6596161125079433,
    0.6856426980154677,
    0.6841796527847726,
    0.7433315948247622,
    0.7406337657436288,
    0.7478044650138351,
    0.7226054500274266,
    0.7668957815059179,
    0.7982933776854573,
    0.8086571928372305,
    0.8003928273481725,
    0.7986338630561596,
    0.8081713424806084,
    0.8081670726346751,
    0.8037250334450468,
    0.8192598996915703,
    0.8198968472641377,
    0.8391220424357264,
    0.8036377379933852,
    0.8190503257488914,
    0.8154734084217636,
    0.8336099016178657,
    0.809473812885227,
    0.834831295070547
  ],
  "val_loss": [
    0.697835644086202,
    0.6207802295684814,
    0.614079475402832,
    0.6055236458778381,
    0.6016284823417664,
    0.5953894853591919,
    0.590413232644399,
    0.583816667397817,
    0.5752347310384115,
    0.56233016649882,
    0.551140546798706,
    0.5393301943937937,
    0.5296981732050577,
    0.5176663200060526,
    0.5050995945930481,
    0.49361961086591083,
    0.482142835855484,
    0.4735290010770162,
    0.4701664348443349,
    0.46196824312210083,
    0.4638742407162984,
    0.4661603470643361,
    0.45647938052813214,
    0.4546312590440114,
    0.4535882771015167,
    0.4531552692254384,
    0.4528775115807851,
    0.45266029238700867,
    0.45259130001068115,
    0.45258626341819763
  ],
  "val_accuracy": [
    0.5432098765432098,
    0.5432098765432098,
    0.4691358024691358,
    0.6666666666666666,
    0.5432098765432098,
    0.6790123456790124,
    0.6419753086419753,
    0.6666666666666666,
    0.6666666666666666,
    0.654320987654321,
    0.6666666666666666,
    0.7037037037037037,
    0.6790123456790124,
    0.7407407407407407,
    0.7407407407407407,
    0.7654320987654321,
    0.7654320987654321,
    0.7777777777777778,
    0.7777777777777778,
    0.7901234567901234,
    0.7777777777777778,
    0.7654320987654321,
    0.7777777777777778,
    0.7777777777777778,
    0.7777777777777778,
    0.7777777777777778,
    0.7777777777777778,
    0.7777777777777778,
    0.7777777777777778,
    0.7777777777777778
  ],
  "val_precision": [
    0.5432098765432098,
    0.5432098765432098,
    1.0,
    0.673469387755102,
    0.5443037974683544,
    0.7045454545454546,
    0.7142857142857143,
    0.6545454545454545,
    0.660377358490566,
    0.6904761904761905,
    0.717948717948718,
    0.7083333333333334,
    0.7045454545454546,
    0.7346938775510204,
    0.7346938775510204,
    0.8048780487804879,
    0.8048780487804879,
    0.8095238095238095,
    0.7708333333333334,
    0.8,
    0.8095238095238095,
    0.8048780487804879,
    0.7954545454545454,
    0.7954545454545454,
    0.7954545454545454,
    0.7954545454545454,
    0.7954545454545454,
    0.7954545454545454,
    0.7954545454545454,
    0.7954545454545454
  ],